date,total_sales,day_of_week
2015-09-21,233.0,Monday
2015-09-22,95.8,Tuesday
2015-09-23,156.5,Wednesday
2015-09-24,141.8,Thursday
2015-09-25,1095.15,Friday
2015-09-26,2588.05,Saturday
2015-09-27,1316.9,Sunday
2015-09-28,1929.0,Monday
2015-09-29,578.0,Tuesday
2015-09-30,552.2,Wednesday
2015-10-01,429.3,Thursday
2015-10-02,1955.4,Friday
2015-10-03,5289.97,Saturday
2015-10-04,2679.1,Sunday
2015-10-05,475.5,Monday
2015-10-06,63.0,Tuesday
2015-10-07,507.0,Wednesday
2015-10-08,1018.0,Thursday
2015-10-09,1375.75,Friday
2015-10-10,3765.7,Saturday
2015-10-11,4826.45,Sunday
2015-10-12,3071.75,Monday
2015-10-13,198.5,Tuesday
2015-10-14,437.0,Wednesday
2015-10-15,340.75,Thursday
2015-10-16,1993.45,Friday
2015-10-17,5213.75,Saturday
2015-10-18,3061.15,Sunday
2015-10-19,20.0,Monday
2015-10-20,0.0,Tuesday
2015-10-21,0.0,Wednesday
2015-10-22,0.0,Thursday
2015-10-23,0.0,Friday
2015-10-24,0.0,Saturday
2015-10-25,0.0,Sunday
2015-10-26,0.0,Monday
2015-10-27,0.0,Tuesday
2015-10-28,0.0,Wednesday
2015-10-29,0.0,Thursday
2015-10-30,1356.25,Friday
2015-10-31,3082.25,Saturday
2015-11-01,3587.55,Sunday
2015-11-02,1744.3,Monday
2015-11-03,178.0,Tuesday
2015-11-04,652.05,Wednesday
2015-11-05,432.7,Thursday
2015-11-06,1622.2,Friday
2015-11-07,4315.25,Saturday
2015-11-08,3378.65,Sunday
2015-11-09,2882.7,Monday
2015-11-10,698.8,Tuesday
2015-11-11,484.0,Wednesday
2015-11-12,576.9,Thursday
2015-11-13,2297.65,Friday
2015-11-14,5035.1,Saturday
2015-11-15,3199.85,Sunday
2015-11-16,280.55,Monday
2015-11-17,274.95,Tuesday
2015-11-18,787.5,Wednesday
2015-11-19,385.8,Thursday
2015-11-20,2230.2,Friday
2015-11-21,5216.5,Saturday
2015-11-22,4096.9,Sunday
2015-11-23,378.8,Monday
2015-11-24,424.0,Tuesday
2015-11-25,493.95,Wednesday
2015-11-26,454.1,Thursday
2015-11-27,2514.4,Friday
2015-11-28,6076.95,Saturday
2015-11-29,2861.85,Sunday
2015-11-30,311.5,Monday
2015-12-01,229.1,Tuesday
2015-12-02,626.5,Wednesday
2015-12-03,643.8,Thursday
2015-12-04,2299.45,Friday
2015-12-05,4740.2,Saturday
2015-12-06,3802.75,Sunday
2015-12-07,4413.0,Monday
2015-12-08,3649.15,Tuesday
2015-12-09,392.1,Wednesday
2015-12-10,658.3,Thursday
2015-12-11,2808.95,Friday
2015-12-12,6219.55,Saturday
2015-12-13,4087.15,Sunday
2015-12-14,928.6,Monday
2015-12-15,588.1,Tuesday
2015-12-16,883.8,Wednesday
2015-12-17,1372.1,Thursday
2015-12-18,3658.76,Friday
2015-12-19,5235.95,Saturday
2015-12-20,3685.2,Sunday
2015-12-21,1643.55,Monday
2015-12-22,4187.68,Tuesday
2015-12-23,2956.65,Wednesday
2015-12-24,704.75,Thursday
2015-12-25,3917.65,Friday
2015-12-26,5713.95,Saturday
2015-12-27,4947.75,Sunday
2015-12-28,4757.3,Monday
2015-12-29,4375.0,Tuesday
2015-12-30,3938.0,Wednesday
2015-12-31,1022.45,Thursday
2016-01-01,3889.3,Friday
2016-01-02,8034.55,Saturday
2016-01-03,6146.1,Sunday
2016-01-04,4975.65,Monday
2016-01-05,1074.2,Tuesday
2016-01-06,3437.25,Wednesday
2016-01-07,2428.7,Thursday
2016-01-08,3009.35,Friday
2016-01-09,7009.65,Saturday
2016-01-10,4781.45,Sunday
2016-01-11,595.3,Monday
2016-01-12,338.45,Tuesday
2016-01-13,760.5,Wednesday
2016-01-14,755.75,Thursday
2016-01-15,2718.75,Friday
2016-01-16,7579.0,Saturday
2016-01-17,3914.8,Sunday
2016-01-18,447.8,Monday
2016-01-19,489.5,Tuesday
2016-01-20,796.6,Wednesday
2016-01-21,516.8,Thursday
2016-01-22,3346.1,Friday
2016-01-23,6972.6,Saturday
2016-01-24,4176.0,Sunday
2016-01-25,716.6,Monday
2016-01-26,914.0,Tuesday
2016-01-27,638.2,Wednesday
2016-01-28,595.55,Thursday
2016-01-29,4306.0,Friday
2016-01-30,7454.1,Saturday
2016-01-31,3441.3,Sunday
2016-02-01,597.55,Monday
2016-02-02,358.45,Tuesday
2016-02-03,742.25,Wednesday
2016-02-04,492.9,Thursday
2016-02-05,2469.8,Friday
2016-02-06,7776.6,Saturday
2016-02-07,4735.25,Sunday
2016-02-08,2195.5,Monday
2016-02-09,503.3,Tuesday
2016-02-10,1440.2,Wednesday
2016-02-11,1592.43,Thursday
2016-02-12,3287.5,Friday
2016-02-13,7877.3,Saturday
2016-02-14,6690.65,Sunday
2016-02-15,346.5,Monday
2016-02-16,635.3,Tuesday
2016-02-17,937.85,Wednesday
2016-02-18,642.5,Thursday
2016-02-19,2887.25,Friday
2016-02-20,6792.65,Saturday
2016-02-21,4224.4,Sunday
2016-02-22,599.2,Monday
2016-02-23,418.8,Tuesday
2016-02-24,694.5,Wednesday
2016-02-25,397.75,Thursday
2016-02-26,3412.2,Friday
2016-02-27,7522.9,Saturday
2016-02-28,5217.5,Sunday
2016-02-29,513.0,Monday
2016-03-01,387.6,Tuesday
2016-03-02,622.7,Wednesday
2016-03-03,463.8,Thursday
2016-03-04,3124.2,Friday
2016-03-05,8628.45,Saturday
2016-03-06,4590.6,Sunday
2016-03-07,455.3,Monday
2016-03-08,456.0,Tuesday
2016-03-09,656.3,Wednesday
2016-03-10,518.4,Thursday
2016-03-11,2786.15,Friday
2016-03-12,7146.3,Saturday
2016-03-13,3518.9,Sunday
2016-03-14,593.25,Monday
2016-03-15,458.75,Tuesday
2016-03-16,1106.9,Wednesday
2016-03-17,1815.15,Thursday
2016-03-18,3061.75,Friday
2016-03-19,6703.9,Saturday
2016-03-20,4689.65,Sunday
2016-03-21,2144.2,Monday
2016-03-22,2096.65,Tuesday
2016-03-23,3570.85,Wednesday
2016-03-24,2694.0,Thursday
2016-03-25,4307.8,Friday
2016-03-26,3769.4,Saturday
2016-03-27,2267.45,Sunday
2016-03-28,2316.8,Monday
2016-03-29,1937.6,Tuesday
2016-03-30,762.3,Wednesday
2016-03-31,835.3,Thursday
2016-04-01,2715.1,Friday
2016-04-02,6008.2,Saturday
2016-04-03,5639.9,Sunday
2016-04-04,623.8,Monday
2016-04-05,239.9,Tuesday
2016-04-06,777.15,Wednesday
2016-04-07,269.8,Thursday
2016-04-08,3310.05,Friday
2016-04-09,6073.35,Saturday
2016-04-10,4318.65,Sunday
2016-04-11,1343.9,Monday
2016-04-12,41.85,Tuesday
2016-04-13,350.5,Wednesday
2016-04-14,575.5,Thursday
2016-04-15,2381.3,Friday
2016-04-16,8489.85,Saturday
2016-04-17,3299.95,Sunday
2016-04-18,538.5,Monday
2016-04-19,601.0,Tuesday
2016-04-20,962.4,Wednesday
2016-04-21,645.6,Thursday
2016-04-22,3040.65,Friday
2016-04-23,7277.8,Saturday
2016-04-24,4143.1,Sunday
2016-04-25,285.2,Monday
2016-04-26,202.5,Tuesday
2016-04-27,536.6,Wednesday
2016-04-28,341.0,Thursday
2016-04-29,2644.6,Friday
2016-04-30,3867.7,Saturday
2016-05-01,3985.65,Sunday
2016-05-02,2411.4,Monday
2016-05-03,561.5,Tuesday
2016-05-04,1014.0,Wednesday
2016-05-05,409.8,Thursday
2016-05-06,3206.65,Friday
2016-05-07,8089.45,Saturday
2016-05-08,5338.8,Sunday
2016-05-09,958.8,Monday
2016-05-10,995.55,Tuesday
2016-05-11,1403.9,Wednesday
2016-05-12,784.8,Thursday
2016-05-13,2993.2,Friday
2016-05-14,3199.8,Saturday
2016-05-15,3225.9,Sunday
2016-05-16,2222.1,Monday
2016-05-17,234.7,Tuesday
2016-05-18,626.2,Wednesday
2016-05-19,1045.5,Thursday
2016-05-20,2151.1,Friday
2016-05-21,4385.55,Saturday
2016-05-22,1787.05,Sunday
2016-05-23,511.5,Monday
2016-05-24,368.8,Tuesday
2016-05-25,832.1,Wednesday
2016-05-26,603.3,Thursday
2016-05-27,1993.6,Friday
2016-05-28,3199.55,Saturday
2016-05-29,4405.8,Sunday
2016-05-30,429.5,Monday
2016-05-31,526.0,Tuesday
2016-06-01,709.5,Wednesday
2016-06-02,450.0,Thursday
2016-06-03,2937.2,Friday
2016-06-04,4267.45,Saturday
2016-06-05,3312.6,Sunday
2016-06-06,306.5,Monday
2016-06-07,542.3,Tuesday
2016-06-08,652.55,Wednesday
2016-06-09,1658.25,Thursday
2016-06-10,2157.3,Friday
2016-06-11,2738.15,Saturday
2016-06-12,2856.2,Sunday
2016-06-13,1561.2,Monday
2016-06-14,1007.95,Tuesday
2016-06-15,1338.9,Wednesday
2016-06-16,1716.6,Thursday
2016-06-17,3002.0,Friday
2016-06-18,3295.2,Saturday
2016-06-19,4382.5,Sunday
2016-06-20,1275.85,Monday
2016-06-21,1440.05,Tuesday
2016-06-22,1443.1,Wednesday
2016-06-23,1490.3,Thursday
2016-06-24,1609.0,Friday
2016-06-25,2193.9,Saturday
2016-06-26,1752.15,Sunday
2016-06-27,636.6,Monday
2016-06-28,752.6,Tuesday
2016-06-29,1319.5,Wednesday
2016-06-30,755.9,Thursday
2016-07-01,1269.05,Friday
2016-07-02,2835.7,Saturday
2016-07-03,1246.9,Sunday
2016-07-04,734.9,Monday
2016-07-05,982.6,Tuesday
2016-07-06,1200.0,Wednesday
2016-07-07,980.4,Thursday
2016-07-08,1096.6,Friday
2016-07-09,2522.7,Saturday
2016-07-10,1555.5,Sunday
2016-07-11,874.0,Monday
2016-07-12,1102.3,Tuesday
2016-07-13,1086.35,Wednesday
2016-07-14,827.8,Thursday
2016-07-15,1480.2,Friday
2016-07-16,1942.3,Saturday
2016-07-17,1221.3,Sunday
2016-07-18,1121.75,Monday
2016-07-19,827.45,Tuesday
2016-07-20,1242.1,Wednesday
2016-07-21,952.5,Thursday
2016-07-22,1324.2,Friday
2016-07-23,1076.9,Saturday
2016-07-24,1791.45,Sunday
2016-07-25,1453.25,Monday
2016-07-26,858.2,Tuesday
2016-07-27,1103.65,Wednesday
2016-07-28,943.4,Thursday
2016-07-29,1338.9,Friday
2016-07-30,2438.7,Saturday
2016-07-31,1583.4,Sunday
2016-08-01,618.7,Monday
2016-08-02,952.55,Tuesday
2016-08-03,1126.6,Wednesday
2016-08-04,704.4,Thursday
2016-08-05,838.65,Friday
2016-08-06,1831.0,Saturday
2016-08-07,1075.25,Sunday
2016-08-08,470.6,Monday
2016-08-09,954.3,Tuesday
2016-08-10,1212.1,Wednesday
2016-08-11,767.6,Thursday
2016-08-12,1007.8,Friday
2016-08-13,1319.7,Saturday
2016-08-14,1531.0,Sunday
2016-08-15,1438.2,Monday
2016-08-16,735.7,Tuesday
2016-08-17,916.3,Wednesday
2016-08-18,986.15,Thursday
2016-08-19,858.9,Friday
2016-08-20,1781.1,Saturday
2016-08-21,1516.45,Sunday
2016-08-22,685.95,Monday
2016-08-23,756.2,Tuesday
2016-08-24,1243.3,Wednesday
2016-08-25,1465.2,Thursday
2016-08-26,1373.1,Friday
2016-08-27,1948.8,Saturday
2016-08-28,1311.7,Sunday
2016-08-29,943.4,Monday
2016-08-30,1236.4,Tuesday
2016-08-31,1530.6,Wednesday
2016-09-01,1309.6,Thursday
2016-09-02,1572.5,Friday
2016-09-03,3357.4,Saturday
2016-09-04,2241.1,Sunday
2016-09-05,983.0,Monday
2016-09-06,1219.35,Tuesday
2016-09-07,1513.35,Wednesday
2016-09-08,952.95,Thursday
2016-09-09,2214.7,Friday
2016-09-10,3141.35,Saturday
2016-09-11,2671.3,Sunday
2016-09-12,896.5,Monday
2016-09-13,973.2,Tuesday
2016-09-14,855.75,Wednesday
2016-09-15,1059.45,Thursday
2016-09-16,2256.1,Friday
2016-09-17,4588.95,Saturday
2016-09-18,3566.2,Sunday
2016-09-19,819.2,Monday
2016-09-20,1027.4,Tuesday
2016-09-21,733.2,Wednesday
2016-09-22,933.0,Thursday
2016-09-23,1963.45,Friday
2016-09-24,4847.35,Saturday
2016-09-25,2885.1,Sunday
2016-09-26,672.55,Monday
2016-09-27,943.3,Tuesday
2016-09-28,701.6,Wednesday
2016-09-29,1361.5,Thursday
2016-09-30,2492.8,Friday
2016-10-01,5698.65,Saturday
2016-10-02,3127.2,Sunday
2016-10-03,538.6,Monday
2016-10-04,653.3,Tuesday
2016-10-05,846.15,Wednesday
2016-10-06,426.8,Thursday
2016-10-07,2659.25,Friday
2016-10-08,5370.7,Saturday
2016-10-09,4302.35,Sunday
2016-10-10,326.5,Monday
2016-10-11,1278.9,Tuesday
2016-10-12,7427.6,Wednesday
2016-10-13,734.8,Thursday
2016-10-14,2509.05,Friday
2016-10-15,5945.1,Saturday
2016-10-16,4219.45,Sunday
2016-10-17,422.2,Monday
2016-10-18,214.95,Tuesday
2016-10-19,713.1,Wednesday
2016-10-20,532.1,Thursday
2016-10-21,2929.9,Friday
2016-10-22,8457.8,Saturday
2016-10-23,5901.7,Sunday
2016-10-24,714.1,Monday
2016-10-25,2991.37,Tuesday
2016-10-26,1047.65,Wednesday
2016-10-27,1528.5,Thursday
2016-10-28,2114.2,Friday
2016-10-29,5418.0,Saturday
2016-10-30,3791.95,Sunday
2016-10-31,2687.8,Monday
2016-11-01,3431.1,Tuesday
2016-11-02,601.05,Wednesday
2016-11-03,641.6,Thursday
2016-11-04,2784.75,Friday
2016-11-05,8149.05,Saturday
2016-11-06,4826.0,Sunday
2016-11-07,278.0,Monday
2016-11-08,1744.2,Tuesday
2016-11-09,4341.35,Wednesday
2016-11-10,1053.0,Thursday
2016-11-11,2984.3,Friday
2016-11-12,8062.6,Saturday
2016-11-13,4627.7,Sunday
2016-11-14,576.0,Monday
2016-11-15,504.5,Tuesday
2016-11-16,850.1,Wednesday
2016-11-17,1097.0,Thursday
2016-11-18,3213.35,Friday
2016-11-19,6840.5,Saturday
2016-11-20,6769.6,Sunday
2016-11-21,387.6,Monday
2016-11-22,383.4,Tuesday
2016-11-23,649.0,Wednesday
2016-11-24,905.7,Thursday
2016-11-25,3776.5,Friday
2016-11-26,7777.1,Saturday
2016-11-27,5368.25,Sunday
2016-11-28,421.3,Monday
2016-11-29,649.6,Tuesday
2016-11-30,1531.7,Wednesday
2016-12-01,1207.85,Thursday
2016-12-02,2488.7,Friday
2016-12-03,6662.85,Saturday
2016-12-04,6153.2,Sunday
2016-12-05,2620.85,Monday
2016-12-06,4060.6,Tuesday
2016-12-07,1449.65,Wednesday
2016-12-08,4930.55,Thursday
2016-12-09,4003.5,Friday
2016-12-10,5585.75,Saturday
2016-12-11,3895.9,Sunday
2016-12-12,804.6,Monday
2016-12-13,699.6,Tuesday
2016-12-14,1179.35,Wednesday
2016-12-15,1727.5,Thursday
2016-12-16,3346.35,Friday
2016-12-17,6054.9,Saturday
2016-12-18,5218.95,Sunday
2016-12-19,672.2,Monday
2016-12-20,3118.84,Tuesday
2016-12-21,2104.9,Wednesday
2016-12-22,2968.25,Thursday
2016-12-23,4400.0,Friday
2016-12-24,1324.7,Saturday
2016-12-25,3225.6,Sunday
2016-12-26,5268.35,Monday
2016-12-27,4508.4,Tuesday
2016-12-28,4306.0,Wednesday
2016-12-29,4145.1,Thursday
2016-12-30,4622.3,Friday
2016-12-31,798.2,Saturday
2017-01-01,3312.7,Sunday
2017-01-02,5114.2,Monday
2017-01-03,4863.45,Tuesday
2017-01-04,4926.95,Wednesday
2017-01-05,2612.45,Thursday
2017-01-06,4232.9,Friday
2017-01-07,6464.35,Saturday
2017-01-08,3933.95,Sunday
2017-01-09,959.8,Monday
2017-01-10,574.85,Tuesday
2017-01-11,1106.4,Wednesday
2017-01-12,781.8,Thursday
2017-01-13,2745.7,Friday
2017-01-14,7606.2,Saturday
2017-01-15,4714.15,Sunday
2017-01-16,659.3,Monday
2017-01-17,687.75,Tuesday
2017-01-18,450.6,Wednesday
2017-01-19,928.9,Thursday
2017-01-20,2687.6,Friday
2017-01-21,8233.0,Saturday
2017-01-22,5898.7,Sunday
2017-01-23,888.35,Monday
2017-01-24,1065.1,Tuesday
2017-01-25,1485.7,Wednesday
2017-01-26,749.3,Thursday
2017-01-27,3087.15,Friday
2017-01-28,8542.6,Saturday
2017-01-29,5807.8,Sunday
2017-01-30,694.6,Monday
2017-01-31,493.5,Tuesday
2017-02-01,1362.15,Wednesday
2017-02-02,817.7,Thursday
2017-02-03,3839.2,Friday
2017-02-04,9545.8,Saturday
2017-02-05,6178.0,Sunday
2017-02-06,483.4,Monday
2017-02-07,775.05,Tuesday
2017-02-08,838.45,Wednesday
2017-02-09,791.65,Thursday
2017-02-10,3448.8,Friday
2017-02-11,9207.1,Saturday
2017-02-12,7308.7,Sunday
2017-02-13,509.5,Monday
2017-02-14,1124.45,Tuesday
2017-02-15,753.35,Wednesday
2017-02-16,1983.7,Thursday
2017-02-17,3461.45,Friday
2017-02-18,7437.6,Saturday
2017-02-19,5000.7,Sunday
2017-02-20,736.0,Monday
2017-02-21,533.9,Tuesday
2017-02-22,522.2,Wednesday
2017-02-23,991.2,Thursday
2017-02-24,2700.6,Friday
2017-02-25,6126.4,Saturday
2017-02-26,5108.55,Sunday
2017-02-27,929.75,Monday
2017-02-28,915.45,Tuesday
2017-03-01,906.85,Wednesday
2017-03-02,953.7,Thursday
2017-03-03,4419.8,Friday
2017-03-04,9594.25,Saturday
2017-03-05,5324.5,Sunday
2017-03-06,392.0,Monday
2017-03-07,516.5,Tuesday
2017-03-08,532.35,Wednesday
2017-03-09,4512.8,Thursday
2017-03-10,2021.5,Friday
2017-03-11,5952.9,Saturday
2017-03-12,4355.8,Sunday
2017-03-13,577.9,Monday
2017-03-14,375.6,Tuesday
2017-03-15,388.8,Wednesday
2017-03-16,754.35,Thursday
2017-03-17,2011.5,Friday
2017-03-18,3755.2,Saturday
2017-03-19,4434.6,Sunday
2017-03-20,2519.5,Monday
2017-03-21,276.15,Tuesday
2017-03-22,1131.45,Wednesday
2017-03-23,294.35,Thursday
2017-03-24,3274.9,Friday
2017-03-25,8721.25,Saturday
2017-03-26,5512.35,Sunday
2017-03-27,1213.25,Monday
2017-03-28,442.5,Tuesday
2017-03-29,876.0,Wednesday
2017-03-30,1171.8,Thursday
2017-03-31,4385.15,Friday
2017-04-01,5754.15,Saturday
2017-04-02,3564.7,Sunday
2017-04-03,405.5,Monday
2017-04-04,184.5,Tuesday
2017-04-05,699.0,Wednesday
2017-04-06,1376.55,Thursday
2017-04-07,2934.95,Friday
2017-04-08,2913.15,Saturday
2017-04-09,2454.4,Sunday
2017-04-10,1491.0,Monday
2017-04-11,1356.8,Tuesday
2017-04-12,1688.9,Wednesday
2017-04-13,2988.0,Thursday
2017-04-14,2698.65,Friday
2017-04-15,3243.6,Saturday
2017-04-16,2005.2,Sunday
2017-04-17,704.35,Monday
2017-04-18,351.5,Tuesday
2017-04-19,672.5,Wednesday
2017-04-20,413.75,Thursday
2017-04-21,2434.9,Friday
2017-04-22,6562.15,Saturday
2017-04-23,3474.9,Sunday
2017-04-24,352.0,Monday
2017-04-25,538.6,Tuesday
2017-04-26,808.5,Wednesday
2017-04-27,1121.9,Thursday
2017-04-28,2672.0,Friday
2017-04-29,5934.15,Saturday
2017-04-30,6469.55,Sunday
2017-05-01,3983.45,Monday
2017-05-02,1956.8,Tuesday
2017-05-03,191.7,Wednesday
2017-05-04,659.0,Thursday
2017-05-05,3467.8,Friday
2017-05-06,8582.05,Saturday
2017-05-07,282.3,Sunday
2017-05-08,610.0,Monday
2017-05-09,605.0,Tuesday
2017-05-10,848.15,Wednesday
2017-05-11,711.35,Thursday
2017-05-12,2240.7,Friday
2017-05-13,4002.7,Saturday
2017-05-14,2892.0,Sunday
2017-05-15,1526.75,Monday
2017-05-16,372.5,Tuesday
2017-05-17,401.5,Wednesday
2017-05-18,451.9,Thursday
2017-05-19,2287.0,Friday
2017-05-20,4962.05,Saturday
2017-05-21,3048.03,Sunday
2017-05-22,470.5,Monday
2017-05-23,402.25,Tuesday
2017-05-24,830.1,Wednesday
2017-05-25,1092.5,Thursday
2017-05-26,2688.8,Friday
2017-05-27,3977.4,Saturday
2017-05-28,3833.5,Sunday
2017-05-29,351.5,Monday
2017-05-30,924.3,Tuesday
2017-05-31,947.8,Wednesday
2017-06-01,1377.7,Thursday
2017-06-02,1936.75,Friday
2017-06-03,3633.95,Saturday
2017-06-04,2866.9,Sunday
2017-06-05,1093.2,Monday
2017-06-06,924.0,Tuesday
2017-06-07,897.9,Wednesday
2017-06-08,931.6,Thursday
2017-06-09,2107.85,Friday
2017-06-10,4139.05,Saturday
2017-06-11,3180.45,Sunday
2017-06-12,1311.8,Monday
2017-06-13,1033.4,Tuesday
2017-06-14,1376.5,Wednesday
2017-06-15,1139.35,Thursday
2017-06-16,2532.65,Friday
2017-06-17,4292.7,Saturday
2017-06-18,3522.15,Sunday
2017-06-19,1193.4,Monday
2017-06-20,1803.8,Tuesday
2017-06-21,2122.85,Wednesday
2017-06-22,1340.45,Thursday
2017-06-23,6046.55,Friday
2017-06-24,3430.5,Saturday
2017-06-25,3184.6,Sunday
2017-06-26,910.6,Monday
2017-06-27,1222.3,Tuesday
2017-06-28,1277.5,Wednesday
2017-06-29,1760.55,Thursday
2017-06-30,1833.5,Friday
2017-07-01,2922.2,Saturday
2017-07-02,1305.9,Sunday
2017-07-03,688.2,Monday
2017-07-04,1210.0,Tuesday
2017-07-05,1168.2,Wednesday
2017-07-06,2711.6,Thursday
2017-07-07,4355.7,Friday
2017-07-08,4232.55,Saturday
2017-07-09,1990.1,Sunday
2017-07-10,822.7,Monday
2017-07-11,984.4,Tuesday
2017-07-12,1395.1,Wednesday
2017-07-13,1471.1,Thursday
2017-07-14,1158.0,Friday
2017-07-15,2670.55,Saturday
2017-07-16,1957.4,Sunday
2017-07-17,928.0,Monday
2017-07-18,1121.75,Tuesday
2017-07-19,1720.0,Wednesday
2017-07-20,809.3,Thursday
2017-07-21,1451.7,Friday
2017-07-22,3044.85,Saturday
2017-07-23,1594.0,Sunday
2017-07-24,747.0,Monday
2017-07-25,1206.3,Tuesday
2017-07-26,1306.8,Wednesday
2017-07-27,1114.4,Thursday
2017-07-28,879.8,Friday
2017-07-29,2812.2,Saturday
2017-07-30,2324.7,Sunday
2017-07-31,1151.9,Monday
2017-08-01,1215.9,Tuesday
2017-08-02,1593.8,Wednesday
2017-08-03,1132.3,Thursday
2017-08-04,1558.1,Friday
2017-08-05,2497.5,Saturday
2017-08-06,1632.7,Sunday
2017-08-07,824.3,Monday
2017-08-08,923.8,Tuesday
2017-08-09,1235.2,Wednesday
2017-08-10,1029.0,Thursday
2017-08-11,1708.95,Friday
2017-08-12,1825.9,Saturday
2017-08-13,1786.6,Sunday
2017-08-14,1045.55,Monday
2017-08-15,1640.85,Tuesday
2017-08-16,743.3,Wednesday
2017-08-17,1501.9,Thursday
2017-08-18,1527.95,Friday
2017-08-19,2112.0,Saturday
2017-08-20,1616.7,Sunday
2017-08-21,639.9,Monday
2017-08-22,1258.8,Tuesday
2017-08-23,1267.4,Wednesday
2017-08-24,1093.9,Thursday
2017-08-25,1555.3,Friday
2017-08-26,2151.4,Saturday
2017-08-27,2238.4,Sunday
2017-08-28,2868.55,Monday
2017-08-29,1002.4,Tuesday
2017-08-30,1715.2,Wednesday
2017-08-31,1425.05,Thursday
2017-09-01,1606.3,Friday
2017-09-02,2613.3,Saturday
2017-09-03,2044.45,Sunday
2017-09-04,705.3,Monday
2017-09-05,1223.4,Tuesday
2017-09-06,1059.3,Wednesday
2017-09-07,1140.9,Thursday
2017-09-08,1213.25,Friday
2017-09-09,4196.65,Saturday
2017-09-10,2251.7,Sunday
2017-09-11,754.8,Monday
2017-09-12,927.3,Tuesday
2017-09-13,1081.85,Wednesday
2017-09-14,455.2,Thursday
2017-09-15,2812.15,Friday
2017-09-16,7579.45,Saturday
2017-09-17,463.1,Sunday
2017-09-18,396.8,Monday
2017-09-19,754.5,Tuesday
2017-09-20,864.0,Wednesday
2017-09-21,1031.7,Thursday
2017-09-22,2013.35,Friday
2017-09-23,4855.5,Saturday
2017-09-24,2553.0,Sunday
2017-09-25,554.2,Monday
2017-09-26,1163.8,Tuesday
2017-09-27,1043.1,Wednesday
2017-09-28,1218.2,Thursday
2017-09-29,2576.3,Friday
2017-09-30,4634.85,Saturday
2017-10-01,3655.75,Sunday
2017-10-02,207.0,Monday
2017-10-03,535.6,Tuesday
2017-10-04,420.05,Wednesday
2017-10-05,750.85,Thursday
2017-10-06,2735.7,Friday
2017-10-07,7184.95,Saturday
2017-10-08,4001.95,Sunday
2017-10-09,961.2,Monday
2017-10-10,447.65,Tuesday
2017-10-11,2054.7,Wednesday
2017-10-12,3473.3,Thursday
2017-10-13,2896.9,Friday
2017-10-14,4287.2,Saturday
2017-10-15,2607.8,Sunday
2017-10-16,259.0,Monday
2017-10-17,501.1,Tuesday
2017-10-18,706.95,Wednesday
2017-10-19,1085.1,Thursday
2017-10-20,6501.35,Friday
2017-10-21,6107.65,Saturday
2017-10-22,3701.05,Sunday
2017-10-23,556.8,Monday
2017-10-24,469.0,Tuesday
2017-10-25,1458.8,Wednesday
2017-10-26,891.4,Thursday
2017-10-27,2316.65,Friday
2017-10-28,5563.2,Saturday
2017-10-29,3445.6,Sunday
2017-10-30,402.6,Monday
2017-10-31,2158.3,Tuesday
2017-11-01,3457.45,Wednesday
2017-11-02,907.5,Thursday
2017-11-03,1876.8,Friday
2017-11-04,7877.4,Saturday
2017-11-05,3924.8,Sunday
2017-11-06,561.5,Monday
2017-11-07,505.7,Tuesday
2017-11-08,1744.7,Wednesday
2017-11-09,4229.15,Thursday
2017-11-10,1965.55,Friday
2017-11-11,6565.35,Saturday
2017-11-12,2900.8,Sunday
2017-11-13,335.6,Monday
2017-11-14,415.5,Tuesday
2017-11-15,627.0,Wednesday
2017-11-16,724.5,Thursday
2017-11-17,2571.5,Friday
2017-11-18,6099.1,Saturday
2017-11-19,4604.5,Sunday
2017-11-20,247.7,Monday
2017-11-21,660.5,Tuesday
2017-11-22,993.45,Wednesday
2017-11-23,879.5,Thursday
2017-11-24,3193.35,Friday
2017-11-25,6632.35,Saturday
2017-11-26,4535.4,Sunday
2017-11-27,168.5,Monday
2017-11-28,710.1,Tuesday
2017-11-29,1171.15,Wednesday
2017-11-30,2660.39,Thursday
2017-12-01,2705.5,Friday
2017-12-02,5704.6,Saturday
2017-12-03,5434.5,Sunday
2017-12-04,460.8,Monday
2017-12-05,1774.4,Tuesday
2017-12-06,4296.05,Wednesday
2017-12-07,4029.85,Thursday
2017-12-08,6862.3,Friday
2017-12-09,5570.2,Saturday
2017-12-10,3441.85,Sunday
2017-12-11,438.0,Monday
2017-12-12,906.4,Tuesday
2017-12-13,632.9,Wednesday
2017-12-14,1007.2,Thursday
2017-12-15,2885.3,Friday
2017-12-16,5891.65,Saturday
2017-12-17,5924.2,Sunday
2017-12-18,1103.3,Monday
2017-12-19,1121.45,Tuesday
2017-12-20,1582.75,Wednesday
2017-12-21,2605.3,Thursday
2017-12-22,3753.45,Friday
2017-12-23,4703.8,Saturday
2017-12-24,1295.2,Sunday
2017-12-25,2814.0,Monday
2017-12-26,4574.15,Tuesday
2017-12-27,4807.6,Wednesday
2017-12-28,5169.45,Thursday
2017-12-29,4856.7,Friday
2017-12-30,6163.4,Saturday
2017-12-31,1429.95,Sunday
2018-01-01,3812.1,Monday
2018-01-02,4436.9,Tuesday
2018-01-03,4801.6,Wednesday
2018-01-04,4074.25,Thursday
2018-01-05,4068.2,Friday
2018-01-06,4693.15,Saturday
2018-01-07,4855.05,Sunday
2018-01-08,885.6,Monday
2018-01-09,1110.8,Tuesday
2018-01-10,1177.55,Wednesday
2018-01-11,680.0,Thursday
2018-01-12,2747.0,Friday
2018-01-13,8144.65,Saturday
2018-01-14,6035.65,Sunday
2018-01-15,766.0,Monday
2018-01-16,944.45,Tuesday
2018-01-17,579.0,Wednesday
2018-01-18,889.9,Thursday
2018-01-19,278.85,Friday
2018-01-20,1099.3,Saturday
2018-01-21,16445.55,Sunday
2018-01-22,636.45,Monday
2018-01-23,763.45,Tuesday
2018-01-24,1352.6,Wednesday
2018-01-25,1138.5,Thursday
2018-01-26,3745.15,Friday
2018-01-27,8582.05,Saturday
2018-01-28,5310.2,Sunday
2018-01-29,444.6,Monday
2018-01-30,539.3,Tuesday
2018-01-31,1847.0,Wednesday
2018-02-01,1105.8,Thursday
2018-02-02,3169.35,Friday
2018-02-03,7611.55,Saturday
2018-02-04,6973.05,Sunday
2018-02-05,598.2,Monday
2018-02-06,797.0,Tuesday
2018-02-07,1002.6,Wednesday
2018-02-08,900.45,Thursday
2018-02-09,3584.1,Friday
2018-02-10,8738.7,Saturday
2018-02-11,4845.8,Sunday
2018-02-12,1821.3,Monday
2018-02-13,1033.3,Tuesday
2018-02-14,1836.7,Wednesday
2018-02-15,3846.55,Thursday
2018-02-16,4451.85,Friday
2018-02-17,8957.65,Saturday
2018-02-18,3653.7,Sunday
2018-02-19,421.7,Monday
2018-02-20,1606.8,Tuesday
2018-02-21,759.15,Wednesday
2018-02-22,540.65,Thursday
2018-02-23,3216.55,Friday
2018-02-24,7074.55,Saturday
2018-02-25,6158.3,Sunday
2018-02-26,556.6,Monday
2018-02-27,1356.1,Tuesday
2018-02-28,1862.15,Wednesday
2018-03-01,1619.95,Thursday
2018-03-02,3314.65,Friday
2018-03-03,9955.2,Saturday
2018-03-04,7086.55,Sunday
2018-03-05,705.5,Monday
2018-03-06,867.95,Tuesday
2018-03-07,577.1,Wednesday
2018-03-08,1388.9,Thursday
2018-03-09,3881.9,Friday
2018-03-10,9962.35,Saturday
2018-03-11,6199.65,Sunday
2018-03-12,625.6,Monday
2018-03-13,437.5,Tuesday
2018-03-14,1697.15,Wednesday
2018-03-15,1172.75,Thursday
2018-03-16,3822.8,Friday
2018-03-17,9615.25,Saturday
2018-03-18,6171.7,Sunday
2018-03-19,1032.7,Monday
2018-03-20,798.7,Tuesday
2018-03-21,976.85,Wednesday
2018-03-22,1739.0,Thursday
2018-03-23,3790.0,Friday
2018-03-24,7666.2,Saturday
2018-03-25,4519.6,Sunday
2018-03-26,2696.9,Monday
2018-03-27,1702.6,Tuesday
2018-03-28,2452.15,Wednesday
2018-03-29,4312.6,Thursday
2018-03-30,7071.4,Friday
2018-03-31,7789.8,Saturday
2018-04-01,3677.7,Sunday
2018-04-02,1781.05,Monday
2018-04-03,624.4,Tuesday
2018-04-04,1482.05,Wednesday
2018-04-05,711.0,Thursday
2018-04-06,3831.15,Friday
2018-04-07,10480.95,Saturday
2018-04-08,3960.1,Sunday
2018-04-09,701.8,Monday
2018-04-10,922.3,Tuesday
2018-04-11,1057.75,Wednesday
2018-04-12,1612.0,Thursday
2018-04-13,3768.9,Friday
2018-04-14,7367.45,Saturday
2018-04-15,4624.35,Sunday
2018-04-16,246.0,Monday
2018-04-17,1899.9,Tuesday
2018-04-18,697.5,Wednesday
2018-04-19,447.25,Thursday
2018-04-20,2548.35,Friday
2018-04-21,5598.65,Saturday
2018-04-22,4472.9,Sunday
2018-04-23,647.7,Monday
2018-04-24,649.15,Tuesday
2018-04-25,1039.9,Wednesday
2018-04-26,587.8,Thursday
2018-04-27,1285.2,Friday
2018-04-28,3776.9,Saturday
2018-04-29,5408.65,Sunday
2018-04-30,4455.4,Monday
2018-05-01,4432.95,Tuesday
2018-05-02,3019.2,Wednesday
2018-05-03,799.8,Thursday
2018-05-04,2604.45,Friday
2018-05-05,5431.8,Saturday
2018-05-06,3426.7,Sunday
2018-05-07,316.0,Monday
2018-05-08,1154.2,Tuesday
2018-05-09,1154.0,Wednesday
2018-05-10,906.45,Thursday
2018-05-11,2300.05,Friday
2018-05-12,4253.5,Saturday
2018-05-13,2258.2,Sunday
2018-05-14,1280.05,Monday
2018-05-15,2137.9,Tuesday
2018-05-16,1079.3,Wednesday
2018-05-17,721.4,Thursday
2018-05-18,3272.7,Friday
2018-05-19,5336.25,Saturday
2018-05-20,2429.5,Sunday
2018-05-21,352.8,Monday
2018-05-22,4156.6,Tuesday
2018-05-23,890.1,Wednesday
2018-05-24,945.5,Thursday
2018-05-25,2473.8,Friday
2018-05-26,4446.95,Saturday
2018-05-27,4007.1,Sunday
2018-05-28,708.4,Monday
2018-05-29,1618.5,Tuesday
2018-05-30,875.1,Wednesday
2018-05-31,493.0,Thursday
2018-06-01,1940.6,Friday
2018-06-02,7499.1,Saturday
2018-06-03,3948.3,Sunday
2018-06-04,784.9,Monday
2018-06-05,1303.9,Tuesday
2018-06-06,1261.15,Wednesday
2018-06-07,2080.05,Thursday
2018-06-08,3585.2,Friday
2018-06-09,6425.35,Saturday
2018-06-10,4610.6,Sunday
2018-06-11,1121.3,Monday
2018-06-12,534.3,Tuesday
2018-06-13,1731.5,Wednesday
2018-06-14,1219.2,Thursday
2018-06-15,2606.55,Friday
2018-06-16,3989.55,Saturday
2018-06-17,2714.3,Sunday
2018-06-18,1352.3,Monday
2018-06-19,1425.95,Tuesday
2018-06-20,1573.65,Wednesday
2018-06-21,2122.6,Thursday
2018-06-22,1776.45,Friday
2018-06-23,3889.85,Saturday
2018-06-24,2769.0,Sunday
2018-06-25,1373.9,Monday
2018-06-26,1080.1,Tuesday
2018-06-27,7440.1,Wednesday
2018-06-28,1819.9,Thursday
2018-06-29,1751.1,Friday
2018-06-30,3171.1,Saturday
2018-07-01,1646.6,Sunday
2018-07-02,1113.8,Monday
2018-07-03,963.5,Tuesday
2018-07-04,1033.5,Wednesday
2018-07-05,1027.0,Thursday
2018-07-06,1357.35,Friday
2018-07-07,2305.3,Saturday
2018-07-08,1710.5,Sunday
2018-07-09,747.95,Monday
2018-07-10,877.1,Tuesday
2018-07-11,1069.35,Wednesday
2018-07-12,1468.2,Thursday
2018-07-13,1342.1,Friday
2018-07-14,2159.9,Saturday
2018-07-15,1101.7,Sunday
2018-07-16,846.1,Monday
2018-07-17,1073.9,Tuesday
2018-07-18,1664.5,Wednesday
2018-07-19,753.0,Thursday
2018-07-20,1309.7,Friday
2018-07-21,2698.2,Saturday
2018-07-22,1938.0,Sunday
2018-07-23,1007.1,Monday
2018-07-24,1203.55,Tuesday
2018-07-25,1625.55,Wednesday
2018-07-26,1419.8,Thursday
2018-07-27,967.65,Friday
2018-07-28,2450.9,Saturday
2018-07-29,1964.2,Sunday
2018-07-30,1179.25,Monday
2018-07-31,1190.3,Tuesday
2018-08-01,1446.8,Wednesday
2018-08-02,1097.3,Thursday
2018-08-03,1739.0,Friday
2018-08-04,2742.45,Saturday
2018-08-05,2022.75,Sunday
2018-08-06,925.2,Monday
2018-08-07,1105.0,Tuesday
2018-08-08,1775.1,Wednesday
2018-08-09,1008.2,Thursday
2018-08-10,846.3,Friday
2018-08-11,1905.95,Saturday
2018-08-12,1017.0,Sunday
2018-08-13,1210.4,Monday
2018-08-14,1423.35,Tuesday
2018-08-15,1194.5,Wednesday
2018-08-16,1153.7,Thursday
2018-08-17,1134.1,Friday
2018-08-18,1834.35,Saturday
2018-08-19,1389.5,Sunday
2018-08-20,1171.35,Monday
2018-08-21,1208.6,Tuesday
2018-08-22,1662.3,Wednesday
2018-08-23,1289.85,Thursday
2018-08-24,1113.6,Friday
2018-08-25,2481.9,Saturday
2018-08-26,1594.3,Sunday
2018-08-27,1227.1,Monday
2018-08-28,1560.4,Tuesday
2018-08-29,1661.75,Wednesday
2018-08-30,1896.3,Thursday
2018-08-31,1818.0,Friday
2018-09-01,3050.85,Saturday
2018-09-02,1599.2,Sunday
2018-09-03,883.0,Monday
2018-09-04,908.8,Tuesday
2018-09-05,1830.7,Wednesday
2018-09-06,1740.4,Thursday
2018-09-07,1888.2,Friday
2018-09-08,6296.5,Saturday
2018-09-09,3918.1,Sunday
2018-09-10,421.7,Monday
2018-09-11,1085.2,Tuesday
2018-09-12,1147.1,Wednesday
2018-09-13,855.1,Thursday
2018-09-14,1980.9,Friday
2018-09-15,4052.9,Saturday
2018-09-16,2893.9,Sunday
2018-09-17,552.8,Monday
2018-09-18,966.9,Tuesday
2018-09-19,945.35,Wednesday
2018-09-20,3515.3,Thursday
2018-09-21,396.9,Friday
2018-09-22,4198.5,Saturday
2018-09-23,3549.55,Sunday
2018-09-24,661.8,Monday
2018-09-25,417.9,Tuesday
2018-09-26,1044.05,Wednesday
2018-09-27,1355.6,Thursday
2018-09-28,2188.6,Friday
2018-09-29,4610.3,Saturday
2018-09-30,6213.5,Sunday
2018-10-01,305.8,Monday
2018-10-02,477.3,Tuesday
2018-10-03,454.1,Wednesday
2018-10-04,553.5,Thursday
2018-10-05,2998.0,Friday
2018-10-06,5581.1,Saturday
2018-10-07,3246.8,Sunday
2018-10-08,615.6,Monday
2018-10-09,233.0,Tuesday
2018-10-10,1309.0,Wednesday
2018-10-11,1185.95,Thursday
2018-10-12,5592.3,Friday
2018-10-13,5263.3,Saturday
2018-10-14,4186.95,Sunday
2018-10-15,708.7,Monday
2018-10-16,473.3,Tuesday
2018-10-17,642.3,Wednesday
2018-10-18,766.0,Thursday
2018-10-19,3106.8,Friday
2018-10-20,7223.35,Saturday
2018-10-21,5002.4,Sunday
2018-10-22,351.5,Monday
2018-10-23,486.6,Tuesday
2018-10-24,1423.55,Wednesday
2018-10-25,1144.15,Thursday
2018-10-26,3798.6,Friday
2018-10-27,7583.55,Saturday
2018-10-28,3859.85,Sunday
2018-10-29,829.1,Monday
2018-10-30,446.7,Tuesday
2018-10-31,1969.1,Wednesday
2018-11-01,5552.2,Thursday
2018-11-02,5898.7,Friday
2018-11-03,6076.0,Saturday
2018-11-04,3800.6,Sunday
2018-11-05,496.5,Monday
2018-11-06,440.4,Tuesday
2018-11-07,1172.5,Wednesday
2018-11-08,2170.15,Thursday
2018-11-09,6289.9,Friday
2018-11-10,7329.35,Saturday
2018-11-11,4654.3,Sunday
2018-11-12,449.2,Monday
2018-11-13,687.3,Tuesday
2018-11-14,754.9,Wednesday
2018-11-15,436.1,Thursday
2018-11-16,3510.4,Friday
2018-11-17,7711.75,Saturday
2018-11-18,6707.6,Sunday
2018-11-19,682.4,Monday
2018-11-20,559.5,Tuesday
2018-11-21,1032.9,Wednesday
2018-11-22,1326.5,Thursday
2018-11-23,3635.95,Friday
2018-11-24,6660.65,Saturday
2018-11-25,5534.15,Sunday
2018-11-26,531.4,Monday
2018-11-27,792.4,Tuesday
2018-11-28,307.9,Wednesday
2018-11-29,1100.75,Thursday
2018-11-30,3673.95,Friday
2018-12-01,6099.15,Saturday
2018-12-02,5006.35,Sunday
2018-12-03,294.75,Monday
2018-12-04,498.4,Tuesday
2018-12-05,1895.5,Wednesday
2018-12-06,5006.9,Thursday
2018-12-07,4954.35,Friday
2018-12-08,6387.3,Saturday
2018-12-09,2330.65,Sunday
2018-12-10,686.3,Monday
2018-12-11,379.4,Tuesday
2018-12-12,818.7,Wednesday
2018-12-13,1797.8,Thursday
2018-12-14,2729.8,Friday
2018-12-15,7330.95,Saturday
2018-12-16,6016.65,Sunday
2018-12-17,1287.3,Monday
2018-12-18,974.5,Tuesday
2018-12-19,1811.1,Wednesday
2018-12-20,3467.85,Thursday
2018-12-21,4350.15,Friday
2018-12-22,5925.8,Saturday
2018-12-23,5435.1,Sunday
2018-12-24,1002.5,Monday
2018-12-25,3896.1,Tuesday
2018-12-26,4919.3,Wednesday
2018-12-27,4956.55,Thursday
2018-12-28,5354.45,Friday
2018-12-29,6809.7,Saturday
2018-12-30,5932.8,Sunday
2018-12-31,1159.4,Monday
2019-01-01,3850.65,Tuesday
2019-01-02,4407.45,Wednesday
2019-01-03,5066.2,Thursday
2019-01-04,5848.8,Friday
2019-01-05,4695.75,Saturday
2019-01-06,3302.1,Sunday
2019-01-07,4386.3,Monday
2019-01-08,901.75,Tuesday
2019-01-09,1687.1,Wednesday
2019-01-10,737.9,Thursday
2019-01-11,3158.6,Friday
2019-01-12,8590.8,Saturday
2019-01-13,4392.2,Sunday
2019-01-14,1362.8,Monday
2019-01-15,911.8,Tuesday
2019-01-16,1171.7,Wednesday
2019-01-17,1239.1,Thursday
2019-01-18,4065.5,Friday
2019-01-19,9554.25,Saturday
2019-01-20,4924.4,Sunday
2019-01-21,933.45,Monday
2019-01-22,995.8,Tuesday
2019-01-23,1456.4,Wednesday
2019-01-24,1077.2,Thursday
2019-01-25,3180.0,Friday
2019-01-26,8578.45,Saturday
2019-01-27,5740.15,Sunday
2019-01-28,605.9,Monday
2019-01-29,638.35,Tuesday
2019-01-30,946.05,Wednesday
2019-01-31,2163.4,Thursday
2019-02-01,4222.8,Friday
2019-02-02,10195.25,Saturday
2019-02-03,5779.8,Sunday
2019-02-04,677.7,Monday
2019-02-05,619.3,Tuesday
2019-02-06,1131.15,Wednesday
2019-02-07,1186.9,Thursday
2019-02-08,2854.0,Friday
2019-02-09,8558.85,Saturday
2019-02-10,6789.4,Sunday
2019-02-11,533.8,Monday
2019-02-12,920.7,Tuesday
2019-02-13,1195.9,Wednesday
2019-02-14,859.6,Thursday
2019-02-15,3419.1,Friday
2019-02-16,7884.9,Saturday
2019-02-17,5458.75,Sunday
2019-02-18,929.4,Monday
2019-02-19,514.6,Tuesday
2019-02-20,862.3,Wednesday
2019-02-21,1347.3,Thursday
2019-02-22,3199.5,Friday
2019-02-23,6739.0,Saturday
2019-02-24,3723.9,Sunday
2019-02-25,574.7,Monday
2019-02-26,517.3,Tuesday
2019-02-27,978.15,Wednesday
2019-02-28,1710.9,Thursday
2019-03-01,3589.8,Friday
2019-03-02,5095.0,Saturday
2019-03-03,4259.45,Sunday
2019-03-04,1977.8,Monday
2019-03-05,620.9,Tuesday
2019-03-06,1332.25,Wednesday
2019-03-07,701.15,Thursday
2019-03-08,3136.65,Friday
2019-03-09,5854.9,Saturday
2019-03-10,3719.2,Sunday
2019-03-11,431.5,Monday
2019-03-12,649.9,Tuesday
2019-03-13,1102.6,Wednesday
2019-03-14,630.3,Thursday
2019-03-15,2895.9,Friday
2019-03-16,6385.45,Saturday
2019-03-17,4204.2,Sunday
2019-03-18,529.2,Monday
2019-03-19,595.4,Tuesday
2019-03-20,865.7,Wednesday
2019-03-21,1150.0,Thursday
2019-03-22,2924.1,Friday
2019-03-23,7593.55,Saturday
2019-03-24,3632.6,Sunday
2019-03-25,306.2,Monday
2019-03-26,767.1,Tuesday
2019-03-27,711.9,Wednesday
2019-03-28,592.4,Thursday
2019-03-29,2403.5,Friday
2019-03-30,6620.15,Saturday
2019-03-31,4793.25,Sunday
2019-04-01,524.3,Monday
2019-04-02,908.2,Tuesday
2019-04-03,1433.4,Wednesday
2019-04-04,910.2,Thursday
2019-04-05,4105.05,Friday
2019-04-06,9801.64,Saturday
2019-04-07,5604.8,Sunday
2019-04-08,1330.9,Monday
2019-04-09,1906.9,Tuesday
2019-04-10,1783.0,Wednesday
2019-04-11,1547.7,Thursday
2019-04-12,2780.25,Friday
2019-04-13,5776.35,Saturday
2019-04-14,3208.1,Sunday
2019-04-15,2344.9,Monday
2019-04-16,1772.2,Tuesday
2019-04-17,2834.45,Wednesday
2019-04-18,8329.2,Thursday
2019-04-19,8517.35,Friday
2019-04-20,7480.65,Saturday
2019-04-21,5040.6,Sunday
2019-04-22,1924.0,Monday
2019-04-23,1254.45,Tuesday
2019-04-24,1793.15,Wednesday
2019-04-25,1293.7,Thursday
2019-04-26,2737.9,Friday
2019-04-27,5479.9,Saturday
2019-04-28,3727.0,Sunday
2019-04-29,1282.0,Monday
2019-04-30,995.35,Tuesday
2019-05-01,5050.05,Wednesday
2019-05-02,3026.9,Thursday
2019-05-03,2627.05,Friday
2019-05-04,4045.8,Saturday
2019-05-05,2390.35,Sunday
2019-05-06,559.7,Monday
2019-05-07,608.8,Tuesday
2019-05-08,802.2,Wednesday
2019-05-09,618.75,Thursday
2019-05-10,2723.9,Friday
2019-05-11,5099.25,Saturday
2019-05-12,3151.3,Sunday
2019-05-13,555.0,Monday
2019-05-14,1041.2,Tuesday
2019-05-15,2468.1,Wednesday
2019-05-16,1272.2,Thursday
2019-05-17,2144.9,Friday
2019-05-18,5785.25,Saturday
2019-05-19,3226.8,Sunday
2019-05-20,563.7,Monday
2019-05-21,580.6,Tuesday
2019-05-22,956.95,Wednesday
2019-05-23,634.7,Thursday
2019-05-24,2306.7,Friday
2019-05-25,5806.65,Saturday
2019-05-26,2061.1,Sunday
2019-05-27,969.3,Monday
2019-05-28,743.0,Tuesday
2019-05-29,1250.5,Wednesday
2019-05-30,996.2,Thursday
2019-05-31,1654.2,Friday
2019-06-01,3637.05,Saturday
2019-06-02,2950.25,Sunday
2019-06-03,685.9,Monday
2019-06-04,1016.85,Tuesday
2019-06-05,1719.8,Wednesday
2019-06-06,1059.2,Thursday
2019-06-07,2253.8,Friday
2019-06-08,5163.9,Saturday
2019-06-09,4328.45,Sunday
2019-06-10,563.6,Monday
2019-06-11,982.35,Tuesday
2019-06-12,907.7,Wednesday
2019-06-13,1055.3,Thursday
2019-06-14,2375.5,Friday
2019-06-15,5282.35,Saturday
2019-06-16,2562.0,Sunday
2019-06-17,921.65,Monday
2019-06-18,1440.9,Tuesday
2019-06-19,1418.8,Wednesday
2019-06-20,1955.0,Thursday
2019-06-21,2275.2,Friday
2019-06-22,3143.1,Saturday
2019-06-23,2728.1,Sunday
2019-06-24,1869.9,Monday
2019-06-25,1306.4,Tuesday
2019-06-26,1951.4,Wednesday
2019-06-27,930.0,Thursday
2019-06-28,1486.1,Friday
2019-06-29,3354.1,Saturday
2019-06-30,2917.9,Sunday
2019-07-01,1333.1,Monday
2019-07-02,1383.15,Tuesday
2019-07-03,1389.6,Wednesday
2019-07-04,1396.6,Thursday
2019-07-05,1761.9,Friday
2019-07-06,3281.3,Saturday
2019-07-07,1825.25,Sunday
2019-07-08,1113.4,Monday
2019-07-09,1161.3,Tuesday
2019-07-10,1682.0,Wednesday
2019-07-11,1650.2,Thursday
2019-07-12,2146.35,Friday
2019-07-13,4012.9,Saturday
2019-07-14,2140.6,Sunday
2019-07-15,1147.8,Monday
2019-07-16,1405.0,Tuesday
2019-07-17,1842.25,Wednesday
2019-07-18,1778.3,Thursday
2019-07-19,1811.4,Friday
2019-07-20,2833.5,Saturday
2019-07-21,2358.35,Sunday
2019-07-22,1492.45,Monday
2019-07-23,1030.7,Tuesday
2019-07-24,2138.8,Wednesday
2019-07-25,2175.4,Thursday
2019-07-26,1922.2,Friday
2019-07-27,3232.2,Saturday
2019-07-28,2969.05,Sunday
2019-07-29,1654.45,Monday
2019-07-30,1406.7,Tuesday
2019-07-31,2192.6,Wednesday
2019-08-01,1667.65,Thursday
2019-08-02,1922.5,Friday
2019-08-03,3330.8,Saturday
2019-08-04,2652.5,Sunday
2019-08-05,1165.7,Monday
2019-08-06,1687.7,Tuesday
2019-08-07,2108.35,Wednesday
2019-08-08,2072.8,Thursday
2019-08-09,1926.5,Friday
2019-08-10,3395.35,Saturday
2019-08-11,1685.5,Sunday
2019-08-12,1073.7,Monday
2019-08-13,1285.35,Tuesday
2019-08-14,1760.25,Wednesday
2019-08-15,2144.95,Thursday
2019-08-16,1836.2,Friday
2019-08-17,2905.2,Saturday
2019-08-18,2314.25,Sunday
2019-08-19,1525.9,Monday
2019-08-20,1606.05,Tuesday
2019-08-21,2266.5,Wednesday
2019-08-22,1430.55,Thursday
2019-08-23,1537.7,Friday
2019-08-24,2718.38,Saturday
2019-08-25,1964.55,Sunday
2019-08-26,2344.2,Monday
2019-08-27,1594.15,Tuesday
2019-08-28,2349.5,Wednesday
2019-08-29,1359.7,Thursday
2019-08-30,2462.5,Friday
2019-08-31,4003.95,Saturday
2019-09-01,2625.9,Sunday
2019-09-02,1620.9,Monday
2019-09-03,1608.2,Tuesday
2019-09-04,2146.25,Wednesday
2019-09-05,938.2,Thursday
2019-09-06,2726.05,Friday
2019-09-07,5226.55,Saturday
2019-09-08,2624.0,Sunday
2019-09-09,3638.3,Monday
2019-09-10,787.4,Tuesday
2019-09-11,1665.5,Wednesday
2019-09-12,1616.0,Thursday
2019-09-13,2938.05,Friday
2019-09-14,8938.45,Saturday
2019-09-15,5233.9,Sunday
2019-09-16,585.0,Monday
2019-09-17,644.4,Tuesday
2019-09-18,949.3,Wednesday
2019-09-19,711.6,Thursday
2019-09-20,2510.1,Friday
2019-09-21,8496.2,Saturday
2019-09-22,5511.25,Sunday
2019-09-23,499.5,Monday
2019-09-24,1136.0,Tuesday
2019-09-25,4379.55,Wednesday
2019-09-26,585.4,Thursday
2019-09-27,3408.7,Friday
2019-09-28,5774.85,Saturday
2019-09-29,3910.0,Sunday
2019-09-30,596.2,Monday
2019-10-01,863.3,Tuesday
2019-10-02,1069.7,Wednesday
2019-10-03,589.1,Thursday
2019-10-04,2429.1,Friday
2019-10-05,6408.3,Saturday
2019-10-06,4670.15,Sunday
2019-10-07,25.2,Monday
2019-10-08,63.0,Tuesday
2019-10-09,2386.3,Wednesday
2019-10-10,1179.3,Thursday
2019-10-11,2395.7,Friday
2019-10-12,6657.45,Saturday
2019-10-13,3070.05,Sunday
2019-10-14,753.75,Monday
2019-10-15,714.3,Tuesday
2019-10-16,885.5,Wednesday
2019-10-17,826.85,Thursday
2019-10-18,2954.2,Friday
2019-10-19,7950.95,Saturday
2019-10-20,5312.75,Sunday
2019-10-21,786.9,Monday
2019-10-22,918.8,Tuesday
2019-10-23,1145.1,Wednesday
2019-10-24,894.4,Thursday
2019-10-25,3450.45,Friday
2019-10-26,6575.8,Saturday
2019-10-27,4428.85,Sunday
2019-10-28,1323.5,Monday
2019-10-29,1209.6,Tuesday
2019-10-30,2266.45,Wednesday
2019-10-31,3183.45,Thursday
2019-11-01,6341.47,Friday
2019-11-02,7425.57,Saturday
2019-11-03,4343.25,Sunday
2019-11-04,531.0,Monday
2019-11-05,657.0,Tuesday
2019-11-06,1532.85,Wednesday
2019-11-07,851.3,Thursday
2019-11-08,3775.67,Friday
2019-11-09,8103.75,Saturday
2019-11-10,4160.22,Sunday
2019-11-11,942.4,Monday
2019-11-12,1428.3,Tuesday
2019-11-13,1739.1,Wednesday
2019-11-14,436.5,Thursday
2019-11-15,3549.65,Friday
2019-11-16,9582.6,Saturday
2019-11-17,5284.9,Sunday
2019-11-18,620.9,Monday
2019-11-19,592.8,Tuesday
2019-11-20,1061.95,Wednesday
2019-11-21,1481.35,Thursday
2019-11-22,3692.25,Friday
2019-11-23,7648.05,Saturday
2019-11-24,5848.15,Sunday
2019-11-25,327.8,Monday
2019-11-26,1079.25,Tuesday
2019-11-27,1369.5,Wednesday
2019-11-28,984.0,Thursday
2019-11-29,3841.4,Friday
2019-11-30,8286.05,Saturday
2019-12-01,7578.85,Sunday
2019-12-02,822.5,Monday
2019-12-03,499.4,Tuesday
2019-12-04,1271.55,Wednesday
2019-12-05,2417.9,Thursday
2019-12-06,5350.8,Friday
2019-12-07,6319.6,Saturday
2019-12-08,6830.65,Sunday
2019-12-09,4294.05,Monday
2019-12-10,542.35,Tuesday
2019-12-11,912.6,Wednesday
2019-12-12,1971.6,Thursday
2019-12-13,3981.45,Friday
2019-12-14,6242.35,Saturday
2019-12-15,5225.2,Sunday
2019-12-16,1269.85,Monday
2019-12-17,2299.55,Tuesday
2019-12-18,3145.7,Wednesday
2019-12-19,2628.7,Thursday
2019-12-20,5335.2,Friday
2019-12-21,8134.52,Saturday
2019-12-22,6311.17,Sunday
2019-12-23,4614.1,Monday
2019-12-24,1140.7,Tuesday
2019-12-25,3674.29,Wednesday
2019-12-26,5400.0,Thursday
2019-12-27,6696.9,Friday
2019-12-28,8083.3,Saturday
2019-12-29,6019.49,Sunday
2019-12-30,4413.7,Monday
2019-12-31,1181.5,Tuesday
2020-01-01,4092.85,Wednesday
2020-01-02,4865.3,Thursday
2020-01-03,7340.75,Friday
2020-01-04,8169.7,Saturday
2020-01-05,5053.2,Sunday
2020-01-06,3461.9,Monday
2020-01-07,2236.8,Tuesday
2020-01-08,1692.3,Wednesday
2020-01-09,973.2,Thursday
2020-01-10,3561.65,Friday
2020-01-11,7670.45,Saturday
2020-01-12,3528.7,Sunday
2020-01-13,1045.9,Monday
2020-01-14,1101.1,Tuesday
2020-01-15,1023.3,Wednesday
2020-01-16,857.1,Thursday
2020-01-17,3035.75,Friday
2020-01-18,10201.5,Saturday
2020-01-19,6837.95,Sunday
2020-01-20,895.5,Monday
2020-01-21,545.5,Tuesday
2020-01-22,1473.3,Wednesday
2020-01-23,1009.8,Thursday
2020-01-24,2828.0,Friday
2020-01-25,9134.05,Saturday
2020-01-26,6339.15,Sunday
2020-01-27,656.5,Monday
2020-01-28,750.4,Tuesday
2020-01-29,1372.9,Wednesday
2020-01-30,1521.2,Thursday
2020-01-31,4891.57,Friday
2020-02-01,8181.37,Saturday
2020-02-02,5362.45,Sunday
2020-02-03,368.6,Monday
2020-02-04,1007.2,Tuesday
2020-02-05,1664.8,Wednesday
2020-02-06,1272.4,Thursday
2020-02-07,3406.2,Friday
2020-02-08,8848.4,Saturday
2020-02-09,5600.9,Sunday
2020-02-10,570.8,Monday
2020-02-11,1732.65,Tuesday
2020-02-12,822.75,Wednesday
2020-02-13,1161.9,Thursday
2020-02-14,4364.22,Friday
2020-02-15,8578.1,Saturday
2020-02-16,4624.25,Sunday
2020-02-17,784.4,Monday
2020-02-18,311.6,Tuesday
2020-02-19,973.5,Wednesday
2020-02-20,855.7,Thursday
2020-02-21,3547.02,Friday
2020-02-22,6252.45,Saturday
2020-02-23,4825.35,Sunday
2020-02-24,803.5,Monday
2020-02-25,829.3,Tuesday
2020-02-26,1387.1,Wednesday
2020-02-27,1328.1,Thursday
2020-02-28,4323.1,Friday
2020-02-29,8878.0,Saturday
2020-03-01,5172.6,Sunday
2020-03-02,2673.5,Monday
2020-03-03,592.8,Tuesday
2020-03-04,1256.4,Wednesday
2020-03-05,923.55,Thursday
2020-03-06,2761.85,Friday
2020-03-07,8764.1,Saturday
2020-03-08,4561.35,Sunday
2020-03-09,381.6,Monday
2020-03-10,771.6,Tuesday
2020-03-11,555.3,Wednesday
2020-03-12,80.3,Thursday
2020-03-13,0.0,Friday
2020-03-14,0.0,Saturday
2020-03-15,0.0,Sunday
2020-03-16,0.0,Monday
2020-03-17,0.0,Tuesday
2020-03-18,0.0,Wednesday
2020-03-19,0.0,Thursday
2020-03-20,0.0,Friday
2020-03-21,0.0,Saturday
2020-03-22,0.0,Sunday
2020-03-23,0.0,Monday
2020-03-24,0.0,Tuesday
2020-03-25,0.0,Wednesday
2020-03-26,0.0,Thursday
2020-03-27,0.0,Friday
2020-03-28,0.0,Saturday
2020-03-29,0.0,Sunday
2020-03-30,0.0,Monday
2020-03-31,0.0,Tuesday
2020-04-01,0.0,Wednesday
2020-04-02,0.0,Thursday
2020-04-03,0.0,Friday
2020-04-04,0.0,Saturday
2020-04-05,0.0,Sunday
2020-04-06,0.0,Monday
2020-04-07,0.0,Tuesday
2020-04-08,0.0,Wednesday
2020-04-09,0.0,Thursday
2020-04-10,0.0,Friday
2020-04-11,0.0,Saturday
2020-04-12,0.0,Sunday
2020-04-13,0.0,Monday
2020-04-14,0.0,Tuesday
2020-04-15,0.0,Wednesday
2020-04-16,0.0,Thursday
2020-04-17,0.0,Friday
2020-04-18,0.0,Saturday
2020-04-19,0.0,Sunday
2020-04-20,0.0,Monday
2020-04-21,0.0,Tuesday
2020-04-22,0.0,Wednesday
2020-04-23,0.0,Thursday
2020-04-24,0.0,Friday
2020-04-25,0.0,Saturday
2020-04-26,0.0,Sunday
2020-04-27,0.0,Monday
2020-04-28,0.0,Tuesday
2020-04-29,0.0,Wednesday
2020-04-30,0.0,Thursday
2020-05-01,0.0,Friday
2020-05-02,0.0,Saturday
2020-05-03,0.0,Sunday
2020-05-04,0.0,Monday
2020-05-05,0.0,Tuesday
2020-05-06,0.0,Wednesday
2020-05-07,0.0,Thursday
2020-05-08,0.0,Friday
2020-05-09,0.0,Saturday
2020-05-10,0.0,Sunday
2020-05-11,0.0,Monday
2020-05-12,0.0,Tuesday
2020-05-13,0.0,Wednesday
2020-05-14,0.0,Thursday
2020-05-15,0.0,Friday
2020-05-16,0.0,Saturday
2020-05-17,0.0,Sunday
2020-05-18,0.0,Monday
2020-05-19,0.0,Tuesday
2020-05-20,0.0,Wednesday
2020-05-21,0.0,Thursday
2020-05-22,0.0,Friday
2020-05-23,0.0,Saturday
2020-05-24,0.0,Sunday
2020-05-25,0.0,Monday
2020-05-26,0.0,Tuesday
2020-05-27,0.0,Wednesday
2020-05-28,0.0,Thursday
2020-05-29,0.0,Friday
2020-05-30,0.0,Saturday
2020-05-31,0.0,Sunday
2020-06-01,0.0,Monday
2020-06-02,0.0,Tuesday
2020-06-03,0.0,Wednesday
2020-06-04,0.0,Thursday
2020-06-05,0.0,Friday
2020-06-06,0.0,Saturday
2020-06-07,0.0,Sunday
2020-06-08,0.0,Monday
2020-06-09,0.0,Tuesday
2020-06-10,0.0,Wednesday
2020-06-11,0.0,Thursday
2020-06-12,0.0,Friday
2020-06-13,0.0,Saturday
2020-06-14,0.0,Sunday
2020-06-15,0.0,Monday
2020-06-16,0.0,Tuesday
2020-06-17,0.0,Wednesday
2020-06-18,0.0,Thursday
2020-06-19,0.0,Friday
2020-06-20,0.0,Saturday
2020-06-21,0.0,Sunday
2020-06-22,0.0,Monday
2020-06-23,0.0,Tuesday
2020-06-24,0.0,Wednesday
2020-06-25,0.0,Thursday
2020-06-26,0.0,Friday
2020-06-27,781.6,Saturday
2020-06-28,432.1,Sunday
2020-06-29,117.3,Monday
2020-06-30,309.0,Tuesday
2020-07-01,335.6,Wednesday
2020-07-02,429.5,Thursday
2020-07-03,497.4,Friday
2020-07-04,1150.0,Saturday
2020-07-05,1133.1,Sunday
2020-07-06,367.8,Monday
2020-07-07,524.0,Tuesday
2020-07-08,460.8,Wednesday
2020-07-09,391.0,Thursday
2020-07-10,643.4,Friday
2020-07-11,1483.9,Saturday
2020-07-12,574.9,Sunday
2020-07-13,405.7,Monday
2020-07-14,506.1,Tuesday
2020-07-15,738.3,Wednesday
2020-07-16,362.5,Thursday
2020-07-17,616.0,Friday
2020-07-18,1176.0,Saturday
2020-07-19,652.4,Sunday
2020-07-20,438.8,Monday
2020-07-21,447.7,Tuesday
2020-07-22,866.4,Wednesday
2020-07-23,958.3,Thursday
2020-07-24,696.2,Friday
2020-07-25,1851.7,Saturday
2020-07-26,1055.7,Sunday
2020-07-27,635.5,Monday
2020-07-28,657.7,Tuesday
2020-07-29,849.0,Wednesday
2020-07-30,859.15,Thursday
2020-07-31,905.5,Friday
2020-08-01,1078.35,Saturday
2020-08-02,1176.45,Sunday
2020-08-03,324.3,Monday
2020-08-04,712.5,Tuesday
2020-08-05,850.2,Wednesday
2020-08-06,672.3,Thursday
2020-08-07,1044.8,Friday
2020-08-08,1295.55,Saturday
2020-08-09,1368.0,Sunday
2020-08-10,704.95,Monday
2020-08-11,1417.2,Tuesday
2020-08-12,1389.8,Wednesday
2020-08-13,899.3,Thursday
2020-08-14,794.9,Friday
2020-08-15,1404.1,Saturday
2020-08-16,1157.5,Sunday
2020-08-17,517.6,Monday
2020-08-18,528.1,Tuesday
2020-08-19,555.4,Wednesday
2020-08-20,538.5,Thursday
2020-08-21,1033.4,Friday
2020-08-22,1480.8,Saturday
2020-08-23,999.65,Sunday
2020-08-24,597.2,Monday
2020-08-25,789.4,Tuesday
2020-08-26,1160.0,Wednesday
2020-08-27,864.7,Thursday
2020-08-28,1113.1,Friday
2020-08-29,1829.0,Saturday
2020-08-30,1710.2,Sunday
2020-08-31,678.0,Monday
2020-09-01,580.8,Tuesday
2020-09-02,888.6,Wednesday
2020-09-03,535.6,Thursday
2020-09-04,985.2,Friday
2020-09-05,2968.3,Saturday
2020-09-06,1677.4,Sunday
2020-09-07,944.6,Monday
2020-09-08,430.3,Tuesday
2020-09-09,719.2,Wednesday
2020-09-10,457.8,Thursday
2020-09-11,1071.15,Friday
2020-09-12,2587.15,Saturday
2020-09-13,1833.9,Sunday
2020-09-14,376.0,Monday
2020-09-15,490.9,Tuesday
2020-09-16,744.0,Wednesday
2020-09-17,895.0,Thursday
2020-09-18,2169.6,Friday
2020-09-19,4352.7,Saturday
2020-09-20,2927.55,Sunday
2020-09-21,413.0,Monday
2020-09-22,400.5,Tuesday
2020-09-23,448.7,Wednesday
2020-09-24,463.2,Thursday
2020-09-25,1361.55,Friday
2020-09-26,3091.7,Saturday
2020-09-27,1650.4,Sunday
2020-09-28,237.5,Monday
2020-09-29,259.2,Tuesday
2020-09-30,368.7,Wednesday
2020-10-01,370.35,Thursday
2020-10-02,1306.3,Friday
2020-10-03,2879.4,Saturday
2020-10-04,2061.95,Sunday
2020-10-05,343.8,Monday
2020-10-06,284.5,Tuesday
2020-10-07,287.4,Wednesday
2020-10-08,447.9,Thursday
2020-10-09,826.7,Friday
2020-10-10,3259.4,Saturday
2020-10-11,3907.4,Sunday
2020-10-12,2634.8,Monday
2020-10-13,216.5,Tuesday
2020-10-14,256.3,Wednesday
2020-10-15,418.4,Thursday
2020-10-16,1226.1,Friday
2020-10-17,4358.65,Saturday
2020-10-18,2192.8,Sunday
2020-10-19,436.15,Monday
2020-10-20,356.9,Tuesday
2020-10-21,569.0,Wednesday
2020-10-22,555.7,Thursday
2020-10-23,2402.35,Friday
2020-10-24,4485.2,Saturday
2020-10-25,3098.0,Sunday
2020-10-26,278.0,Monday
2020-10-27,437.85,Tuesday
2020-10-28,801.8,Wednesday
2020-10-29,563.1,Thursday
2020-10-30,1689.85,Friday
2020-10-31,4720.6,Saturday
2020-11-01,3966.7,Sunday
2020-11-02,2535.5,Monday
2020-11-03,171.0,Tuesday
2020-11-04,459.5,Wednesday
2020-11-05,975.2,Thursday
2020-11-06,1829.85,Friday
2020-11-07,6119.8,Saturday
2020-11-08,4840.0,Sunday
2020-11-09,3280.2,Monday
2020-11-10,697.7,Tuesday
2020-11-11,719.1,Wednesday
2020-11-12,385.2,Thursday
2020-11-13,1470.5,Friday
2020-11-14,6275.35,Saturday
2020-11-15,4397.7,Sunday
2020-11-16,285.25,Monday
2020-11-17,592.0,Tuesday
2020-11-18,945.8,Wednesday
2020-11-19,634.45,Thursday
2020-11-20,1771.4,Friday
2020-11-21,5215.0,Saturday
2020-11-22,3021.8,Sunday
2020-11-23,275.3,Monday
2020-11-24,465.7,Tuesday
2020-11-25,615.2,Wednesday
2020-11-26,572.0,Thursday
2020-11-27,2666.3,Friday
2020-11-28,5848.4,Saturday
2020-11-29,3449.6,Sunday
2020-11-30,519.6,Monday
2020-12-01,550.1,Tuesday
2020-12-02,951.9,Wednesday
2020-12-03,644.0,Thursday
2020-12-04,2662.4,Friday
2020-12-05,6612.9,Saturday
2020-12-06,7227.15,Sunday
2020-12-07,8543.8,Monday
2020-12-08,4785.8,Tuesday
2020-12-09,1450.0,Wednesday
2020-12-10,391.5,Thursday
2020-12-11,3742.4,Friday
2020-12-12,6318.0,Saturday
2020-12-13,4605.7,Sunday
2020-12-14,750.0,Monday
2020-12-15,272.6,Tuesday
2020-12-16,959.7,Wednesday
2020-12-17,945.4,Thursday
2020-12-18,2960.3,Friday
2020-12-19,7532.8,Saturday
2020-12-20,3718.1,Sunday
2020-12-21,1200.3,Monday
2020-12-22,2081.3,Tuesday
2020-12-23,3363.05,Wednesday
2020-12-24,748.4,Thursday
2020-12-25,2489.5,Friday
2020-12-26,6933.0,Saturday
2020-12-27,6321.4,Sunday
2020-12-28,4682.7,Monday
2020-12-29,5147.5,Tuesday
2020-12-30,4149.8,Wednesday
2020-12-31,997.9,Thursday
2021-01-01,3591.4,Friday
2021-01-02,8183.2,Saturday
2021-01-03,6855.8,Sunday
2021-01-04,3924.1,Monday
2021-01-05,4739.0,Tuesday
2021-01-06,3875.9,Wednesday
2021-01-07,2640.8,Thursday
2021-01-08,1312.35,Friday
2021-01-09,0.0,Saturday
2021-01-10,738.6,Sunday
2021-01-11,575.1,Monday
2021-01-12,617.3,Tuesday
2021-01-13,974.3,Wednesday
2021-01-14,519.9,Thursday
2021-01-15,1480.7,Friday
2021-01-16,4488.8,Saturday
2021-01-17,4089.8,Sunday
2021-01-18,509.0,Monday
2021-01-19,745.7,Tuesday
2021-01-20,665.2,Wednesday
2021-01-21,621.5,Thursday
2021-01-22,1207.5,Friday
2021-01-23,6238.9,Saturday
2021-01-24,3794.4,Sunday
2021-01-25,631.9,Monday
2021-01-26,343.1,Tuesday
2021-01-27,672.2,Wednesday
2021-01-28,664.2,Thursday
2021-01-29,2308.2,Friday
2021-01-30,5078.6,Saturday
2021-01-31,4227.9,Sunday
2021-02-01,404.5,Monday
2021-02-02,364.8,Tuesday
2021-02-03,593.3,Wednesday
2021-02-04,591.0,Thursday
2021-02-05,1419.3,Friday
2021-02-06,6540.2,Saturday
2021-02-07,4444.8,Sunday
2021-02-08,560.6,Monday
2021-02-09,836.8,Tuesday
2021-02-10,897.5,Wednesday
2021-02-11,304.2,Thursday
2021-02-12,1846.3,Friday
2021-02-13,5839.0,Saturday
2021-02-14,4643.8,Sunday
2021-02-15,536.0,Monday
2021-02-16,413.9,Tuesday
2021-02-17,966.8,Wednesday
2021-02-18,796.4,Thursday
2021-02-19,2969.4,Friday
2021-02-20,6221.4,Saturday
2021-02-21,6807.3,Sunday
2021-02-22,2029.8,Monday
2021-02-23,565.0,Tuesday
2021-02-24,960.3,Wednesday
2021-02-25,601.3,Thursday
2021-02-26,2601.3,Friday
2021-02-27,6773.9,Saturday
2021-02-28,5300.7,Sunday
2021-03-01,592.0,Monday
2021-03-02,391.3,Tuesday
2021-03-03,1029.1,Wednesday
2021-03-04,554.6,Thursday
2021-03-05,1998.4,Friday
2021-03-06,7377.2,Saturday
2021-03-07,4685.6,Sunday
2021-03-08,817.8,Monday
2021-03-09,828.3,Tuesday
2021-03-10,1715.2,Wednesday
2021-03-11,807.5,Thursday
2021-03-12,2226.9,Friday
2021-03-13,7257.5,Saturday
2021-03-14,4718.7,Sunday
2021-03-15,350.0,Monday
2021-03-16,857.1,Tuesday
2021-03-17,1197.7,Wednesday
2021-03-18,2310.5,Thursday
2021-03-19,9456.6,Friday
2021-03-20,8118.0,Saturday
2021-03-21,4742.7,Sunday
2021-03-22,877.2,Monday
2021-03-23,572.2,Tuesday
2021-03-24,1121.1,Wednesday
2021-03-25,1141.4,Thursday
2021-03-26,3346.8,Friday
2021-03-27,6571.5,Saturday
2021-03-28,5620.1,Sunday
2021-03-29,3011.4,Monday
2021-03-30,4062.6,Tuesday
2021-03-31,4719.7,Wednesday
2021-04-01,6597.4,Thursday
2021-04-02,11208.4,Friday
2021-04-03,9750.1,Saturday
2021-04-04,5802.6,Sunday
2021-04-05,1901.1,Monday
2021-04-06,682.0,Tuesday
2021-04-07,1409.5,Wednesday
2021-04-08,1237.0,Thursday
2021-04-09,3904.1,Friday
2021-04-10,8619.3,Saturday
2021-04-11,8882.8,Sunday
2021-04-12,551.0,Monday
2021-04-13,1068.9,Tuesday
2021-04-14,1130.1,Wednesday
2021-04-15,1104.9,Thursday
2021-04-16,3054.2,Friday
2021-04-17,7394.1,Saturday
2021-04-18,3789.2,Sunday
2021-04-19,439.5,Monday
2021-04-20,864.2,Tuesday
2021-04-21,1359.9,Wednesday
2021-04-22,911.2,Thursday
2021-04-23,3874.0,Friday
2021-04-24,9552.7,Saturday
2021-04-25,7807.9,Sunday
2021-04-26,842.8,Monday
2021-04-27,957.6,Tuesday
2021-04-28,1356.9,Wednesday
2021-04-29,1151.4,Thursday
2021-04-30,2686.9,Friday
2021-05-01,8468.5,Saturday
2021-05-02,5909.2,Sunday
2021-05-03,7376.3,Monday
2021-05-04,1767.7,Tuesday
2021-05-05,751.7,Wednesday
2021-05-06,649.4,Thursday
2021-05-07,2154.0,Friday
2021-05-08,6241.7,Saturday
2021-05-09,6611.1,Sunday
2021-05-10,946.4,Monday
2021-05-11,723.2,Tuesday
