date,average_temp,total_precip_mm,did_rain,did_snow
2015-09-21,20.9,0.0,0,0
2015-09-22,20.4,0.0,0,0
2015-09-23,19.0,0.0,0,0
2015-09-24,19.9,0.0,0,0
2015-09-25,21.4,0.0,0,0
2015-09-26,20.8,0.0,0,0
2015-09-27,21.2,0.0,1,0
2015-09-28,18.4,0.0,0,0
2015-09-29,18.1,0.0,0,0
2015-09-30,18.4,0.0,0,0
2015-10-01,18.4,0.0,0,0
2015-10-02,19.6,0.0,0,0
2015-10-03,19.8,0.0,0,0
2015-10-04,18.7,1.02,1,0
2015-10-05,20.8,2.54,1,0
2015-10-06,18.2,19.81,1,0
2015-10-07,15.9,0.0,0,0
2015-10-08,15.6,0.0,0,0
2015-10-09,14.9,0.0,0,0
2015-10-10,15.7,0.0,0,0
2015-10-11,17.2,1.78,1,0
2015-10-12,17.9,0.0,0,0
2015-10-13,13.3,0.0,1,0
2015-10-14,11.6,1.52,1,0
2015-10-15,11.8,0.0,0,0
2015-10-16,12.4,0.0,0,0
2015-10-17,15.5,0.0,1,0
2015-10-18,15.9,9.91,1,0
2015-10-19,16.6,17.02,1,0
2015-10-20,15.7,0.0,0,0
2015-10-21,12.1,0.0,0,0
2015-10-22,12.5,0.0,0,0
2015-10-23,13.7,0.0,0,0
2015-10-24,15.2,0.0,0,0
2015-10-25,15.9,0.0,0,0
2015-10-26,15.2,0.0,1,0
2015-10-27,14.4,0.51,1,0
2015-10-28,12.8,3.3,1,0
2015-10-29,14.1,0.0,0,0
2015-10-30,14.9,0.0,0,0
2015-10-31,15.8,0.0,0,0
2015-11-01,16.4,0.0,0,0
2015-11-02,12.9,12.95,1,0
2015-11-03,12.3,15.49,1,0
2015-11-04,12.9,0.51,1,0
2015-11-05,14.6,0.25,1,0
2015-11-06,14.6,0.0,0,0
2015-11-07,15.2,0.0,0,0
2015-11-08,15.1,0.0,0,0
2015-11-09,13.4,0.0,0,0
2015-11-10,12.9,0.0,0,0
2015-11-11,11.6,0.0,0,0
2015-11-12,11.4,0.0,0,0
2015-11-13,11.6,0.0,0,0
2015-11-14,12.0,0.0,0,0
2015-11-15,10.5,0.0,0,0
2015-11-16,9.6,0.0,0,0
2015-11-17,9.2,0.0,0,0
2015-11-18,10.4,0.0,0,0
2015-11-19,11.6,0.0,0,0
2015-11-20,12.7,0.0,0,0
2015-11-21,11.7,0.0,0,0
2015-11-22,5.9,0.0,0,0
2015-11-23,5.4,0.0,0,0
2015-11-24,4.9,0.0,0,0
2015-11-25,10.1,0.0,0,0
2015-11-26,10.6,0.0,0,0
2015-11-27,12.7,0.0,0,0
2015-11-28,8.6,0.0,0,0
2015-11-29,4.8,0.0,0,0
2015-11-30,4.5,0.0,0,0
2015-12-01,4.6,0.0,0,0
2015-12-02,5.4,0.0,0,0
2015-12-03,6.4,0.0,0,0
2015-12-04,7.7,0.0,0,0
2015-12-05,8.9,0.0,0,0
2015-12-06,7.6,0.0,0,0
2015-12-07,6.7,0.0,0,0
2015-12-08,8.8,0.0,0,0
2015-12-09,8.3,0.0,0,0
2015-12-10,8.2,0.0,0,0
2015-12-11,9.0,0.0,0,0
2015-12-12,9.6,0.0,0,0
2015-12-13,7.5,0.0,0,0
2015-12-14,10.2,0.25,1,0
2015-12-15,10.3,0.51,1,0
2015-12-16,7.7,0.0,0,0
2015-12-17,7.4,0.0,0,0
2015-12-18,7.7,0.0,0,0
2015-12-19,7.3,0.0,0,0
2015-12-20,7.8,0.0,0,0
2015-12-21,7.6,0.0,0,0
2015-12-22,6.2,0.0,0,0
2015-12-23,6.2,0.0,0,0
2015-12-24,4.5,0.0,0,0
2015-12-25,4.4,0.0,0,0
2015-12-26,3.7,0.0,0,0
2015-12-27,5.8,0.0,0,0
2015-12-28,7.9,0.0,1,0
2015-12-29,8.4,3.3,1,0
2015-12-30,7.9,0.0,0,0
2015-12-31,8.0,0.5,1,0
2016-01-01,10.6,0.25,1,0
2016-01-02,9.1,1.78,1,0
2016-01-03,6.8,0.0,1,0
2016-01-04,12.7,0.0,1,0
2016-01-05,7.9,3.81,1,0
2016-01-06,5.7,0.0,1,0
2016-01-07,12.8,0.25,1,0
2016-01-08,12.2,0.0,1,0
2016-01-09,10.3,5.59,1,0
2016-01-10,11.1,0.0,1,0
2016-01-11,9.9,11.18,1,0
2016-01-12,7.0,1.78,1,0
2016-01-13,4.1,0.0,0,0
2016-01-14,4.7,0.0,1,0
2016-01-15,7.0,1.27,1,0
2016-01-16,4.6,0.0,0,0
2016-01-17,1.6,0.0,1,0
2016-01-18,6.5,0.0,1,0
2016-01-19,5.0,0.0,0,0
2016-01-20,4.8,0.0,0,0
2016-01-21,5.8,0.0,0,0
2016-01-22,8.3,0.0,1,0
2016-01-23,11.3,0.76,1,0
2016-01-24,10.2,0.0,0,0
2016-01-25,9.6,0.0,0,0
2016-01-26,8.9,0.0,0,0
2016-01-27,8.4,0.0,0,0
2016-01-28,8.1,0.0,1,0
2016-01-29,8.2,2.29,1,0
2016-01-30,7.8,0.0,0,0
2016-01-31,8.6,0.0,0,0
2016-02-01,8.8,0.0,0,0
2016-02-02,7.2,0.0,0,0
2016-02-03,8.8,0.0,0,0
2016-02-04,5.8,0.0,0,0
2016-02-05,4.3,0.0,0,0
2016-02-06,5.5,0.0,0,0
2016-02-07,7.9,11.43,1,0
2016-02-08,9.3,0.0,0,0
2016-02-09,11.3,0.0,1,0
2016-02-10,12.4,0.0,0,0
2016-02-11,13.4,0.0,1,0
2016-02-12,12.2,1.52,1,0
2016-02-13,13.6,5.84,1,1
2016-02-14,8.4,3.56,1,0
2016-02-15,5.4,0.76,1,0
2016-02-16,3.8,0.0,0,0
2016-02-17,2.4,0.0,1,0
2016-02-18,5.6,1.02,1,0
2016-02-19,5.2,0.0,0,0
2016-02-20,5.3,0.0,0,0
2016-02-21,6.6,0.0,0,0
2016-02-22,8.3,0.0,0,0
2016-02-23,8.3,0.0,0,0
2016-02-24,6.1,0.0,1,0
2016-02-25,8.8,1.78,1,0
2016-02-26,6.4,0.0,1,0
2016-02-27,5.7,6.35,1,0
2016-02-28,7.2,0.0,0,0
2016-02-29,7.9,0.0,0,0
2016-03-01,7.6,0.0,0,0
2016-03-02,9.3,0.0,0,0
2016-03-03,9.2,0.0,0,0
2016-03-04,8.3,0.0,1,0
2016-03-05,6.9,2.29,1,0
2016-03-06,6.6,0.0,0,0
2016-03-07,7.4,1.52,1,0
2016-03-08,6.9,2.79,1,0
2016-03-09,5.3,0.0,0,0
2016-03-10,7.0,0.0,0,0
2016-03-11,8.1,0.0,0,0
2016-03-12,6.4,0.0,0,0
2016-03-13,8.0,0.0,0,0
2016-03-14,7.2,0.0,0,0
2016-03-15,7.2,0.0,0,0
2016-03-16,7.6,0.0,0,0
2016-03-17,9.2,0.0,0,0
2016-03-18,8.4,0.0,1,0
2016-03-19,9.8,16.76,1,0
2016-03-20,8.3,1.02,1,0
2016-03-21,9.1,0.51,1,0
2016-03-22,10.0,31.24,1,0
2016-03-23,8.4,0.0,0,0
2016-03-24,9.9,0.0,0,0
2016-03-25,10.2,0.0,1,0
2016-03-26,10.3,0.0,0,0
2016-03-27,12.1,0.51,1,0
2016-03-28,11.1,0.0,1,0
2016-03-29,13.6,0.0,0,0
2016-03-30,13.9,0.0,0,0
2016-03-31,9.2,0.76,1,0
2016-04-01,8.2,0.0,0,0
2016-04-02,9.3,0.0,0,0
2016-04-03,10.8,0.0,1,0
2016-04-04,8.4,7.11,1,0
2016-04-05,10.9,17.78,1,0
2016-04-06,11.9,0.0,0,0
2016-04-07,12.3,0.0,0,0
2016-04-08,9.4,0.0,0,0
2016-04-09,10.9,0.0,0,0
2016-04-10,10.4,0.0,1,0
2016-04-11,8.9,1.52,1,0
2016-04-12,9.8,6.1,1,0
2016-04-13,11.5,8.38,1,0
2016-04-14,13.3,0.0,0,0
2016-04-15,13.3,0.0,1,0
2016-04-16,12.9,1.52,1,0
2016-04-17,12.6,12.45,1,0
2016-04-18,13.7,0.0,0,0
2016-04-19,12.4,0.0,1,0
2016-04-20,10.9,30.23,1,0
2016-04-21,12.9,2.54,1,0
2016-04-22,12.0,1.27,1,0
2016-04-23,11.9,3.3,1,0
2016-04-24,12.3,0.0,0,0
2016-04-25,12.6,0.0,0,0
2016-04-26,14.6,0.0,0,0
2016-04-27,14.6,0.0,0,0
2016-04-28,13.9,1.02,1,0
2016-04-29,13.8,1.27,1,0
2016-04-30,13.2,24.89,1,0
2016-05-01,10.9,0.0,0,0
2016-05-02,13.5,0.0,0,0
2016-05-03,17.4,0.0,0,0
2016-05-04,18.1,0.0,0,0
2016-05-05,15.6,0.0,1,0
2016-05-06,13.4,1.52,1,0
2016-05-07,14.2,18.8,1,0
2016-05-08,12.1,6.6,1,0
2016-05-09,11.7,14.48,1,0
2016-05-10,11.3,8.64,1,0
2016-05-11,11.3,6.35,1,0
2016-05-12,12.4,5.08,1,0
2016-05-13,12.9,0.0,1,0
2016-05-14,13.9,1.52,1,0
2016-05-15,16.7,0.0,0,0
2016-05-16,16.2,0.0,0,0
2016-05-17,17.6,0.0,0,0
2016-05-18,18.8,0.0,0,0
2016-05-19,19.2,0.0,0,0
2016-05-20,20.1,0.0,0,0
2016-05-21,20.8,0.0,0,0
2016-05-22,19.4,0.0,0,0
2016-05-23,15.4,0.0,0,0
2016-05-24,18.6,0.0,0,0
2016-05-25,17.9,0.0,0,0
2016-05-26,18.8,0.0,0,0
2016-05-27,18.8,0.0,0,0
2016-05-28,15.4,0.0,1,0
2016-05-29,15.2,5.59,1,1
2016-05-30,15.9,2.29,1,0
2016-05-31,17.0,0.0,0,0
2016-06-01,17.9,0.0,0,0
2016-06-02,19.7,0.0,0,0
2016-06-03,21.7,0.0,0,0
2016-06-04,21.3,0.0,0,0
2016-06-05,21.7,0.0,0,0
2016-06-06,22.2,0.0,0,0
2016-06-07,24.3,0.0,0,0
2016-06-08,25.7,0.0,0,0
2016-06-09,27.6,0.0,0,0
2016-06-10,25.7,0.0,0,0
2016-06-11,24.6,0.0,0,0
2016-06-12,24.8,0.0,0,0
2016-06-13,26.4,0.0,0,0
2016-06-14,23.2,0.0,0,0
2016-06-15,18.6,0.0,1,0
2016-06-16,16.2,0.25,1,0
2016-06-17,17.7,0.0,0,0
2016-06-18,18.8,0.0,0,0
2016-06-19,19.4,0.0,0,0
2016-06-20,24.4,0.0,0,0
2016-06-21,26.7,0.0,0,0
2016-06-22,27.7,0.0,0,0
2016-06-23,26.9,0.0,0,0
2016-06-24,26.6,0.0,0,0
2016-06-25,26.4,0.0,0,0
2016-06-26,24.8,0.0,0,0
2016-06-27,26.6,0.0,0,0
2016-06-28,27.7,0.0,1,0
2016-06-29,28.6,0.0,0,0
2016-06-30,27.4,0.0,0,0
2016-07-01,28.0,0.0,0,0
2016-07-02,28.5,0.0,0,0
2016-07-03,29.0,0.0,0,0
2016-07-04,27.4,0.0,1,0
2016-07-05,27.4,0.25,1,0
2016-07-06,27.0,4.83,1,0
2016-07-07,25.6,2.03,1,0
2016-07-08,27.9,0.0,0,0
2016-07-09,29.2,0.0,0,0
2016-07-10,31.2,0.0,0,0
2016-07-11,31.3,0.0,0,0
2016-07-12,27.3,0.0,0,0
2016-07-13,22.9,0.0,0,0
2016-07-14,22.1,0.0,0,0
2016-07-15,22.6,0.0,0,0
2016-07-16,26.7,0.0,0,0
2016-07-17,28.8,0.0,0,0
2016-07-18,30.1,0.0,0,0
2016-07-19,30.2,0.0,0,0
2016-07-20,30.9,0.0,1,0
2016-07-21,28.1,0.0,0,0
2016-07-22,26.9,0.0,0,0
2016-07-23,24.7,0.0,0,0
2016-07-24,26.3,0.0,0,0
2016-07-25,28.7,0.0,0,0
2016-07-26,30.3,0.0,0,0
2016-07-27,31.3,0.0,0,0
2016-07-28,30.6,0.0,0,0
2016-07-29,31.6,0.0,0,0
2016-07-30,30.5,0.0,0,0
2016-07-31,27.9,0.0,0,0
2016-08-01,27.7,0.0,0,0
2016-08-02,29.3,0.0,0,0
2016-08-03,30.0,0.0,0,0
2016-08-04,29.3,0.0,0,0
2016-08-05,27.4,0.0,0,0
2016-08-06,27.7,0.0,0,0
2016-08-07,28.5,0.0,0,0
2016-08-08,28.3,0.0,0,0
2016-08-09,26.6,0.0,0,0
2016-08-10,22.9,0.0,0,0
2016-08-11,23.4,0.0,0,0
2016-08-12,25.3,0.0,0,0
2016-08-13,26.5,0.0,0,0
2016-08-14,27.3,0.0,0,0
2016-08-15,27.7,0.0,0,0
2016-08-16,27.9,0.0,0,0
2016-08-17,27.2,0.0,0,0
2016-08-18,27.3,0.0,0,0
2016-08-19,27.7,0.0,0,0
2016-08-20,28.2,0.0,0,0
2016-08-21,25.4,0.0,0,0
2016-08-22,27.6,0.0,0,0
2016-08-23,28.8,0.0,0,0
2016-08-24,27.9,0.0,0,0
2016-08-25,27.0,0.0,0,0
2016-08-26,27.2,0.0,0,0
2016-08-27,28.7,0.0,0,0
2016-08-28,28.8,0.0,0,0
2016-08-29,28.2,0.0,0,0
2016-08-30,25.1,0.0,0,0
2016-08-31,26.6,0.0,0,0
2016-09-01,27.4,0.0,0,0
2016-09-02,27.1,0.0,0,0
2016-09-03,27.8,0.0,0,0
2016-09-04,28.9,0.0,0,0
2016-09-05,30.1,0.0,0,0
2016-09-06,30.4,0.0,0,0
2016-09-07,30.4,0.0,0,0
2016-09-08,26.4,0.0,0,0
2016-09-09,25.4,0.0,0,0
2016-09-10,26.1,0.0,0,0
2016-09-11,25.3,0.0,0,0
2016-09-12,25.9,0.0,1,0
2016-09-13,21.2,0.0,1,0
2016-09-14,15.4,5.84,1,0
2016-09-15,16.4,0.0,0,0
2016-09-16,18.7,0.0,0,0
2016-09-17,17.7,0.0,0,0
2016-09-18,18.1,0.0,0,0
2016-09-19,18.4,0.0,0,0
2016-09-20,20.5,0.0,0,0
2016-09-21,20.5,0.0,0,0
2016-09-22,19.8,0.0,0,0
2016-09-23,19.9,0.0,0,0
2016-09-24,20.1,0.0,0,0
2016-09-25,20.3,0.0,0,0
2016-09-26,21.8,0.0,0,0
2016-09-27,21.9,0.0,0,0
2016-09-28,21.0,0.0,0,0
2016-09-29,18.9,0.0,0,0
2016-09-30,19.1,0.0,0,0
2016-10-01,20.6,0.0,0,0
2016-10-02,19.3,0.0,0,0
2016-10-03,19.6,0.0,0,0
2016-10-04,19.9,0.0,0,0
2016-10-05,19.9,0.0,0,0
2016-10-06,20.9,0.0,0,0
2016-10-07,17.8,0.0,0,0
2016-10-08,17.8,0.0,0,0
2016-10-09,18.4,0.0,0,0
2016-10-10,17.3,0.0,0,0
2016-10-11,15.6,0.0,0,0
2016-10-12,12.9,0.76,1,0
2016-10-13,13.7,14.48,1,0
2016-10-14,14.7,1.02,1,0
2016-10-15,12.6,0.0,0,0
2016-10-16,14.0,0.0,0,0
2016-10-17,15.7,0.0,1,0
2016-10-18,16.4,4.32,1,0
2016-10-19,16.9,0.0,1,0
2016-10-20,15.9,5.33,1,0
2016-10-21,14.9,0.51,1,0
2016-10-22,15.0,0.0,1,1
2016-10-23,14.2,10.92,1,0
2016-10-24,13.1,11.68,1,0
2016-10-25,16.1,0.25,1,0
2016-10-26,17.9,0.25,1,0
2016-10-27,18.1,0.0,0,0
2016-10-28,16.9,0.0,0,0
2016-10-29,15.6,0.0,0,0
2016-10-30,13.5,0.0,0,0
2016-10-31,12.4,0.0,0,0
2016-11-01,11.7,0.0,0,0
2016-11-02,14.1,0.0,0,0
2016-11-03,13.3,0.0,0,0
2016-11-04,12.8,5.08,1,0
2016-11-05,13.0,10.67,1,0
2016-11-06,9.2,12.19,1,0
2016-11-07,6.2,0.0,0,0
2016-11-08,7.7,0.0,0,0
2016-11-09,10.4,0.0,1,0
2016-11-10,7.2,0.0,0,0
2016-11-11,7.2,0.0,0,0
2016-11-12,7.7,0.0,0,0
2016-11-13,11.8,0.0,0,0
2016-11-14,9.6,0.0,0,0
2016-11-15,8.0,0.0,0,0
2016-11-16,7.4,0.0,0,0
2016-11-17,9.3,0.0,0,0
2016-11-18,7.4,0.0,0,0
2016-11-19,7.1,0.0,0,0
2016-11-20,9.0,2.54,1,0
2016-11-21,11.1,16.76,1,1
2016-11-22,7.1,0.25,1,0
2016-11-23,6.7,1.27,1,0
2016-11-24,5.5,6.6,1,0
2016-11-25,4.7,10.41,1,0
2016-11-26,7.8,10.67,1,0
2016-11-27,9.8,11.18,1,0
2016-11-28,9.6,9.14,1,0
2016-11-29,8.2,0.0,1,0
2016-11-30,11.1,0.25,1,0
2016-12-01,10.3,0.0,0,0
2016-12-02,9.4,0.0,0,0
2016-12-03,7.5,0.0,1,0
2016-12-04,10.6,7.87,1,0
2016-12-05,11.7,10.16,1,0
2016-12-06,8.9,0.0,0,0
2016-12-07,7.3,0.0,1,0
2016-12-08,7.4,0.0,0,0
2016-12-09,7.4,0.0,0,0
2016-12-10,10.5,0.0,0,0
2016-12-11,6.9,0.0,0,0
2016-12-12,5.2,0.0,0,0
2016-12-13,5.1,0.0,0,0
2016-12-14,7.4,0.0,1,0
2016-12-15,8.7,4.83,1,0
2016-12-16,8.2,1.27,1,0
2016-12-17,10.3,3.81,1,0
2016-12-18,7.8,0.0,0,0
2016-12-19,6.3,0.0,1,0
2016-12-20,3.9,0.0,0,0
2016-12-21,6.9,0.0,0,0
2016-12-22,5.6,0.0,0,0
2016-12-23,6.0,0.0,0,0
2016-12-24,6.2,0.0,0,0
2016-12-25,5.1,0.0,0,0
2016-12-26,4.6,0.0,0,0
2016-12-27,5.9,0.0,0,0
2016-12-28,5.9,0.0,0,0
2016-12-29,3.0,0.0,0,0
2016-12-30,1.8,0.0,0,0
2016-12-31,1.8,0.0,0,0
2017-01-01,-0.2,0.0,0,0
2017-01-02,2.2,0.0,0,0
2017-01-03,4.6,0.0,0,0
2017-01-04,4.8,0.0,0,0
2017-01-05,5.4,0.0,0,0
2017-01-06,2.3,0.0,0,0
2017-01-07,2.1,0.0,0,0
2017-01-08,2.9,0.0,0,0
2017-01-09,3.2,0.0,0,0
2017-01-10,6.2,0.0,0,0
2017-01-11,11.6,0.0,0,0
2017-01-12,7.1,0.0,0,0
2017-01-13,7.3,0.0,0,0
2017-01-14,3.3,0.0,0,0
2017-01-15,4.6,0.0,0,0
2017-01-16,7.6,0.0,0,0
2017-01-17,6.6,0.0,0,0
2017-01-18,0.3,0.0,0,0
2017-01-19,1.8,0.0,0,0
2017-01-20,5.3,0.0,0,0
2017-01-21,6.2,0.0,0,0
2017-01-22,2.6,0.0,0,0
2017-01-23,5.3,0.0,0,0
2017-01-24,3.4,0.0,0,0
2017-01-25,2.7,0.0,0,0
2017-01-26,1.3,0.0,1,0
2017-01-27,4.8,11.43,1,0
2017-01-28,5.1,6.1,1,0
2017-01-29,5.2,0.0,1,0
2017-01-30,9.1,0.25,1,0
2017-01-31,9.0,0.0,0,0
2017-02-01,6.9,0.0,1,0
2017-02-02,9.2,4.83,1,0
2017-02-03,9.9,2.54,1,0
2017-02-04,11.9,0.25,1,0
2017-02-05,9.5,1.02,1,0
2017-02-06,10.8,2.29,1,0
2017-02-07,9.6,0.0,1,0
2017-02-08,6.1,0.0,0,0
2017-02-09,3.8,0.0,0,0
2017-02-10,2.7,0.0,1,1
2017-02-11,5.7,4.83,1,0
2017-02-12,8.8,8.38,1,0
2017-02-13,10.3,17.27,1,0
2017-02-14,7.1,0.51,1,0
2017-02-15,8.6,0.0,0,0
2017-02-16,7.0,0.0,0,0
2017-02-17,6.6,0.0,0,0
2017-02-18,6.7,0.0,0,0
2017-02-19,9.3,0.0,0,0
2017-02-20,7.6,0.0,0,0
2017-02-21,7.8,0.0,0,0
2017-02-22,9.7,0.0,0,0
2017-02-23,10.5,0.0,1,0
2017-02-24,11.1,0.76,1,0
2017-02-25,8.9,0.0,0,0
2017-02-26,7.7,0.0,0,0
2017-02-27,10.0,0.0,0,0
2017-02-28,10.4,0.0,0,0
2017-03-01,10.2,0.0,0,0
2017-03-02,8.6,0.0,0,0
2017-03-03,6.8,0.0,1,0
2017-03-04,5.5,2.03,1,0
2017-03-05,9.2,0.0,0,0
2017-03-06,14.4,0.0,0,0
2017-03-07,14.5,0.0,0,0
2017-03-08,12.6,0.0,0,0
2017-03-09,14.1,0.0,0,0
2017-03-10,14.9,0.0,0,0
2017-03-11,14.2,0.0,0,0
2017-03-12,11.2,0.0,0,0
2017-03-13,10.5,0.0,0,0
2017-03-14,14.2,0.0,0,0
2017-03-15,13.4,0.0,0,0
2017-03-16,11.6,0.0,0,0
2017-03-17,10.9,0.0,0,0
2017-03-18,11.7,0.0,0,0
2017-03-19,13.4,0.0,0,0
2017-03-20,15.5,0.0,0,0
2017-03-21,12.3,0.0,0,0
2017-03-22,8.4,0.0,1,0
2017-03-23,3.0,6.35,1,1
2017-03-24,3.9,2.79,1,1
2017-03-25,4.8,2.54,1,0
2017-03-26,10.0,2.29,1,0
2017-03-27,10.2,3.3,1,1
2017-03-28,10.9,0.0,0,0
2017-03-29,11.6,0.0,0,0
2017-03-30,13.7,0.0,0,0
2017-03-31,15.3,0.0,0,0
2017-04-01,13.1,0.0,0,0
2017-04-02,12.0,0.0,0,0
2017-04-03,11.4,0.0,0,0
2017-04-04,12.8,0.0,0,0
2017-04-05,13.0,0.0,0,0
2017-04-06,14.1,0.0,0,0
2017-04-07,14.9,0.0,0,0
2017-04-08,14.9,0.0,0,0
2017-04-09,15.3,0.0,0,0
2017-04-10,15.8,0.0,0,0
2017-04-11,17.8,0.0,0,0
2017-04-12,18.4,0.0,0,0
2017-04-13,18.7,0.0,0,0
2017-04-14,18.1,0.0,0,0
2017-04-15,18.2,0.0,0,0
2017-04-16,17.2,0.0,0,0
2017-04-17,18.8,0.0,0,0
2017-04-18,19.8,0.0,0,0
2017-04-19,16.6,0.0,1,0
2017-04-20,13.9,2.29,1,0
2017-04-21,13.1,0.0,0,0
2017-04-22,13.0,0.0,0,0
2017-04-23,16.6,0.25,1,0
2017-04-24,17.6,0.0,0,0
2017-04-25,17.8,4.32,1,0
2017-04-26,14.7,2.29,1,0
2017-04-27,9.2,0.25,1,0
2017-04-28,9.8,0.0,0,0
2017-04-29,10.2,2.29,1,0
2017-04-30,11.1,3.56,1,0
2017-05-01,11.7,1.27,1,0
2017-05-02,16.0,0.0,0,0
2017-05-03,18.7,0.0,0,0
2017-05-04,19.3,0.0,0,0
2017-05-05,17.8,0.25,1,0
2017-05-06,15.7,0.51,1,0
2017-05-07,18.2,0.0,0,0
2017-05-08,21.6,0.0,0,0
2017-05-09,21.6,0.0,0,0
2017-05-10,18.8,0.0,1,0
2017-05-11,14.0,16.0,1,0
2017-05-12,13.8,2.03,1,1
2017-05-13,16.1,0.0,0,0
2017-05-14,17.3,0.0,0,0
2017-05-15,19.3,0.0,0,0
2017-05-16,23.2,0.0,0,0
2017-05-17,22.4,0.0,0,0
2017-05-18,17.6,3.81,1,0
2017-05-19,15.7,0.0,0,0
2017-05-20,17.9,0.0,0,0
2017-05-21,19.8,0.0,0,0
2017-05-22,21.8,0.0,0,0
2017-05-23,25.6,0.0,0,0
2017-05-24,24.7,0.0,0,0
2017-05-25,25.7,0.0,0,0
2017-05-26,25.4,0.0,1,0
2017-05-27,25.9,0.0,0,0
2017-05-28,23.9,0.0,0,0
2017-05-29,22.8,0.0,0,0
2017-05-30,21.6,0.0,1,0
2017-05-31,22.2,0.0,0,0
2017-06-01,24.2,0.0,0,0
2017-06-02,24.9,0.0,1,0
2017-06-03,22.8,3.56,1,0
2017-06-04,20.2,0.0,1,0
2017-06-05,19.5,0.51,1,0
2017-06-06,22.6,0.0,0,0
2017-06-07,24.1,0.0,0,0
2017-06-08,26.6,0.0,0,0
2017-06-09,26.9,0.0,0,0
2017-06-10,27.4,0.0,0,0
2017-06-11,29.6,0.0,0,0
2017-06-12,30.5,0.0,0,0
2017-06-13,30.0,0.0,0,0
2017-06-14,30.6,0.0,0,0
2017-06-15,30.9,0.0,1,0
2017-06-16,30.2,0.25,1,0
2017-06-17,32.3,0.0,0,0
2017-06-18,31.6,0.0,0,0
2017-06-19,29.4,0.0,0,0
2017-06-20,26.8,0.0,1,0
2017-06-21,28.9,0.0,0,0
2017-06-22,30.7,0.0,0,0
2017-06-23,30.4,0.0,0,0
2017-06-24,29.1,0.0,0,0
2017-06-25,25.6,0.0,1,0
2017-06-26,23.8,3.3,1,0
2017-06-27,23.2,0.0,0,0
2017-06-28,21.8,0.0,0,0
2017-06-29,18.5,0.0,0,0
2017-06-30,18.2,0.0,0,0
2017-07-01,19.1,0.0,0,0
2017-07-02,22.8,0.0,0,0
2017-07-03,26.7,0.0,0,0
2017-07-04,27.9,0.0,0,0
2017-07-05,28.8,0.0,1,0
2017-07-06,19.7,2.79,1,0
2017-07-07,18.9,23.62,1,0
2017-07-08,19.8,44.7,1,0
2017-07-09,24.7,0.76,1,0
2017-07-10,26.3,0.0,0,0
2017-07-11,26.3,0.0,0,0
2017-07-12,28.9,0.0,0,0
2017-07-13,31.2,0.0,0,0
2017-07-14,31.5,0.0,0,0
2017-07-15,29.8,0.0,0,0
2017-07-16,30.3,0.0,0,0
2017-07-17,29.7,0.0,0,0
2017-07-18,30.2,0.0,0,0
2017-07-19,28.7,0.0,0,0
2017-07-20,26.7,0.0,0,0
2017-07-21,26.8,0.0,0,0
2017-07-22,26.0,0.0,0,0
2017-07-23,26.8,0.0,0,0
2017-07-24,26.3,0.0,0,0
2017-07-25,24.1,0.0,0,0
2017-07-26,26.1,0.0,0,0
2017-07-27,29.3,0.0,0,0
2017-07-28,29.8,0.0,0,0
2017-07-29,29.4,0.0,0,0
2017-07-30,29.4,0.0,0,0
2017-07-31,28.0,0.0,0,0
2017-08-01,27.1,0.0,0,0
2017-08-02,27.4,0.0,0,0
2017-08-03,28.8,0.0,0,0
2017-08-04,30.7,0.0,0,0
2017-08-05,32.2,0.0,0,0
2017-08-06,29.8,0.0,0,0
2017-08-07,28.9,0.0,0,0
2017-08-08,24.8,0.0,0,0
2017-08-09,21.9,0.0,0,0
2017-08-10,19.8,0.0,0,0
2017-08-11,21.6,0.0,0,0
2017-08-12,24.5,0.0,0,0
2017-08-13,26.2,0.0,0,0
2017-08-14,28.0,0.0,0,0
2017-08-15,27.8,0.0,0,0
2017-08-16,27.6,0.0,0,0
2017-08-17,29.3,0.0,0,0
2017-08-18,29.2,0.0,0,0
2017-08-19,28.5,0.0,0,0
2017-08-20,28.8,0.0,0,0
2017-08-21,29.1,0.0,0,0
2017-08-22,30.2,0.0,0,0
2017-08-23,29.9,0.0,0,0
2017-08-24,27.9,0.0,0,0
2017-08-25,27.1,0.0,0,0
2017-08-26,26.3,0.0,0,0
2017-08-27,24.6,0.0,1,0
2017-08-28,20.0,3.05,1,0
2017-08-29,20.4,23.62,1,0
2017-08-30,22.0,0.0,0,0
2017-08-31,22.9,0.0,0,0
2017-09-01,22.1,0.0,0,0
2017-09-02,20.2,0.0,0,0
2017-09-03,23.4,0.0,0,0
2017-09-04,24.2,0.0,0,0
2017-09-05,24.4,0.0,0,0
2017-09-06,26.2,0.0,0,0
2017-09-07,24.2,0.0,0,0
2017-09-08,22.7,0.0,0,0
2017-09-09,20.9,0.0,0,0
2017-09-10,18.4,0.0,0,0
2017-09-11,22.8,0.0,0,0
2017-09-12,22.2,0.0,0,0
2017-09-13,22.6,0.0,0,0
2017-09-14,22.3,0.0,0,0
2017-09-15,17.5,0.0,0,0
2017-09-16,15.3,0.0,0,0
2017-09-17,16.5,0.0,0,0
2017-09-18,17.2,0.0,0,0
2017-09-19,18.1,0.0,0,0
2017-09-20,19.3,0.0,0,0
2017-09-21,20.4,0.0,0,0
2017-09-22,21.4,0.0,0,0
2017-09-23,20.8,0.0,0,0
2017-09-24,21.4,0.0,0,0
2017-09-25,20.7,0.0,0,0
2017-09-26,19.4,0.0,0,0
2017-09-27,19.3,0.0,0,0
2017-09-28,20.0,0.0,0,0
2017-09-29,21.4,0.0,0,0
2017-09-30,21.6,0.0,0,0
2017-10-01,21.8,0.0,0,0
2017-10-02,21.6,0.0,0,0
2017-10-03,22.6,0.0,0,0
2017-10-04,22.8,0.0,0,0
2017-10-05,22.2,0.0,0,0
2017-10-06,22.7,0.0,0,0
2017-10-07,18.5,0.0,0,0
2017-10-08,18.2,0.0,0,0
2017-10-09,18.1,0.0,0,0
2017-10-10,17.6,0.0,0,0
2017-10-11,17.8,0.0,0,0
2017-10-12,18.6,0.0,0,0
2017-10-13,19.8,0.0,0,0
2017-10-14,19.2,0.0,0,0
2017-10-15,21.2,0.0,0,0
2017-10-16,19.5,0.0,0,0
2017-10-17,15.3,0.0,1,0
2017-10-18,13.2,13.97,1,0
2017-10-19,12.8,5.84,1,0
2017-10-20,15.3,0.0,0,0
2017-10-21,17.2,0.0,1,0
2017-10-22,13.6,0.0,0,0
2017-10-23,13.4,0.0,0,0
2017-10-24,15.2,0.0,0,0
2017-10-25,15.9,0.0,0,0
2017-10-26,16.3,0.0,0,0
2017-10-27,17.8,0.0,0,0
2017-10-28,16.5,0.0,0,0
2017-10-29,14.5,0.0,0,0
2017-10-30,13.8,0.0,0,0
2017-10-31,12.7,0.0,0,0
2017-11-01,13.0,0.0,0,0
2017-11-02,14.1,0.0,0,0
2017-11-03,14.4,0.0,0,0
2017-11-04,13.0,3.05,1,0
2017-11-05,12.3,0.76,1,0
2017-11-06,10.6,0.0,0,0
2017-11-07,8.6,0.0,0,0
2017-11-08,8.4,0.0,0,0
2017-11-09,7.8,0.0,0,0
2017-11-10,9.6,0.0,0,0
2017-11-11,10.2,0.0,0,0
2017-11-12,9.5,0.0,0,0
2017-11-13,9.8,0.0,0,0
2017-11-14,7.1,0.0,0,0
2017-11-15,6.4,0.0,0,0
2017-11-16,7.7,0.0,0,0
2017-11-17,8.7,0.0,0,0
2017-11-18,9.8,0.0,0,0
2017-11-19,7.8,0.0,0,0
2017-11-20,7.3,0.0,0,0
2017-11-21,7.0,0.0,0,0
2017-11-22,6.9,0.0,0,0
2017-11-23,10.2,0.0,0,0
2017-11-24,11.5,0.25,1,0
2017-11-25,9.7,0.0,0,0
2017-11-26,6.3,0.0,0,0
2017-11-27,2.8,0.0,0,0
2017-11-28,3.5,0.0,1,0
2017-11-29,6.8,2.03,1,0
2017-11-30,3.5,0.0,0,0
2017-12-01,2.0,0.0,0,0
2017-12-02,2.7,0.0,0,0
2017-12-03,3.7,0.0,0,0
2017-12-04,2.3,0.0,0,0
2017-12-05,2.1,0.0,0,0
2017-12-06,1.4,0.0,0,0
2017-12-07,2.6,0.0,0,0
2017-12-08,4.9,0.0,0,0
2017-12-09,9.3,0.0,0,0
2017-12-10,11.3,0.0,1,0
2017-12-11,8.3,12.7,1,0
2017-12-12,4.2,0.0,0,0
2017-12-13,3.1,0.0,0,0
2017-12-14,7.3,0.0,0,0
2017-12-15,9.6,0.0,0,0
2017-12-16,5.0,0.0,0,0
2017-12-17,4.0,0.0,0,0
2017-12-18,4.1,0.0,0,0
2017-12-19,8.3,0.0,0,0
2017-12-20,3.4,0.0,0,0
2017-12-21,6.1,0.0,0,0
2017-12-22,4.6,0.0,0,0
2017-12-23,5.7,0.0,0,0
2017-12-24,4.4,0.0,0,0
2017-12-25,2.8,0.0,1,0
2017-12-26,6.3,2.03,1,0
2017-12-27,8.8,3.05,1,0
2017-12-28,11.1,0.0,0,0
2017-12-29,12.4,0.0,0,0
2017-12-30,10.5,0.0,0,0
2017-12-31,10.5,0.0,0,0
2018-01-01,7.6,1.27,1,0
2018-01-02,10.2,0.0,0,0
2018-01-03,9.5,0.0,0,0
2018-01-04,10.4,0.0,0,0
2018-01-05,9.9,0.0,1,0
2018-01-06,3.9,17.02,1,0
2018-01-07,2.6,3.05,1,0
2018-01-08,2.3,0.0,0,0
2018-01-09,0.8,0.0,1,0
2018-01-10,4.9,0.51,1,0
2018-01-11,6.3,0.0,0,0
2018-01-12,4.2,0.0,0,0
2018-01-13,2.1,0.0,1,0
2018-01-14,4.2,5.84,1,0
2018-01-15,3.4,0.0,0,0
2018-01-16,5.4,0.0,0,0
2018-01-17,5.7,0.0,0,0
2018-01-18,5.3,0.0,0,0
2018-01-19,6.5,0.0,0,0
2018-01-20,6.7,0.0,0,0
2018-01-21,8.4,0.0,0,0
2018-01-22,7.2,0.0,0,0
2018-01-23,6.9,0.0,0,0
2018-01-24,6.9,0.0,0,0
2018-01-25,5.1,0.0,1,0
2018-01-26,6.1,2.79,1,0
2018-01-27,6.4,0.0,0,0
2018-01-28,8.1,0.0,0,0
2018-01-29,7.4,0.0,0,0
2018-01-30,5.3,0.0,0,0
2018-01-31,4.6,0.0,0,0
2018-02-01,3.6,0.0,1,0
2018-02-02,4.2,0.0,0,0
2018-02-03,4.4,0.0,0,0
2018-02-04,3.5,1.52,1,0
2018-02-05,1.9,14.48,1,1
2018-02-06,3.0,11.68,1,0
2018-02-07,1.3,0.0,0,0
2018-02-08,0.9,0.0,0,0
2018-02-09,1.4,0.0,0,0
2018-02-10,5.3,0.0,0,0
2018-02-11,7.2,0.0,0,0
2018-02-12,7.7,0.0,1,0
2018-02-13,3.6,0.0,0,0
2018-02-14,8.6,0.0,0,0
2018-02-15,7.9,0.0,0,0
2018-02-16,9.4,0.0,0,0
2018-02-17,9.1,0.0,0,0
2018-02-18,7.6,0.0,0,0
2018-02-19,10.2,0.0,0,0
2018-02-20,10.7,0.0,0,0
2018-02-21,7.8,0.0,0,0
2018-02-22,3.4,0.0,0,0
2018-02-23,2.9,0.0,0,0
2018-02-24,3.3,0.0,0,0
2018-02-25,4.7,0.0,0,0
2018-02-26,7.1,0.0,0,0
2018-02-27,3.1,0.0,1,1
2018-02-28,7.6,16.51,1,0
2018-03-01,10.0,20.57,1,0
2018-03-02,6.3,24.38,1,0
2018-03-03,9.5,0.0,1,0
2018-03-04,9.6,8.13,1,0
2018-03-05,7.8,6.1,1,0
2018-03-06,7.6,1.52,1,0
2018-03-07,7.8,1.52,1,0
2018-03-08,8.2,2.03,1,0
2018-03-09,11.1,0.51,1,0
2018-03-10,11.2,7.62,1,0
2018-03-11,8.5,19.81,1,0
2018-03-12,9.8,2.79,1,0
2018-03-13,10.1,2.03,1,0
2018-03-14,9.3,0.0,1,0
2018-03-15,9.0,25.91,1,0
2018-03-16,7.8,0.0,1,1
2018-03-17,6.6,1.52,1,0
2018-03-18,8.9,9.14,1,0
2018-03-19,6.6,0.0,1,0
2018-03-20,5.4,4.83,1,1
2018-03-21,6.1,0.0,0,0
2018-03-22,6.3,0.0,0,0
2018-03-23,7.4,0.0,1,0
2018-03-24,8.2,3.81,1,0
2018-03-25,8.6,0.0,0,0
2018-03-26,9.6,0.0,0,0
2018-03-27,13.1,0.0,0,0
2018-03-28,14.0,0.0,0,0
2018-03-29,12.6,0.0,0,0
2018-03-30,8.6,0.51,1,0
2018-03-31,9.1,0.76,1,0
2018-04-01,10.2,0.0,0,0
2018-04-02,13.6,0.0,1,0
2018-04-03,13.3,2.29,1,0
2018-04-04,11.6,0.0,0,0
2018-04-05,11.4,0.0,0,0
2018-04-06,11.6,0.0,1,1
2018-04-07,9.7,4.32,1,0
2018-04-08,9.9,1.78,1,0
2018-04-09,6.8,2.29,1,0
2018-04-10,6.6,1.27,1,0
2018-04-11,8.0,20.07,1,0
2018-04-12,8.9,0.0,1,0
2018-04-13,9.2,7.11,1,0
2018-04-14,11.1,0.51,1,0
2018-04-15,12.8,0.0,1,0
2018-04-16,12.6,13.46,1,0
2018-04-17,14.2,0.0,0,0
2018-04-18,16.8,0.0,0,0
2018-04-19,16.8,0.0,0,0
2018-04-20,16.4,0.0,0,0
2018-04-21,14.4,0.0,0,0
2018-04-22,17.0,0.0,0,0
2018-04-23,17.8,0.0,0,0
2018-04-24,18.7,0.25,1,0
2018-04-25,19.7,0.0,0,0
2018-04-26,19.2,0.0,0,0
2018-04-27,19.4,0.0,0,0
2018-04-28,14.3,0.0,0,0
2018-04-29,9.1,3.05,1,0
2018-04-30,7.9,1.27,1,0
2018-05-01,9.7,4.83,1,0
2018-05-02,11.6,0.0,0,0
2018-05-03,13.2,0.0,0,0
2018-05-04,13.6,0.0,0,0
2018-05-05,16.6,0.0,1,0
2018-05-06,17.9,0.0,1,0
2018-05-07,16.6,2.03,1,0
2018-05-08,17.6,1.02,1,0
2018-05-09,18.8,0.51,1,0
2018-05-10,18.6,0.0,0,0
2018-05-11,18.5,0.0,0,0
2018-05-12,16.8,0.0,0,0
2018-05-13,12.6,0.0,0,0
2018-05-14,14.8,0.0,0,0
2018-05-15,15.5,0.0,0,0
2018-05-16,18.4,0.0,0,0
2018-05-17,18.9,0.0,1,0
2018-05-18,17.2,0.25,1,0
2018-05-19,17.6,1.02,1,0
2018-05-20,17.2,0.0,0,0
2018-05-21,17.1,0.0,1,0
2018-05-22,17.6,20.07,1,0
2018-05-23,19.9,0.0,1,0
2018-05-24,20.7,0.76,1,0
2018-05-25,15.6,8.89,1,0
2018-05-26,17.2,9.4,1,0
2018-05-27,18.2,0.0,1,0
2018-05-28,16.4,0.25,1,0
2018-05-29,15.5,5.59,1,0
2018-05-30,15.3,2.29,1,0
2018-05-31,18.9,1.02,1,0
2018-06-01,18.7,0.0,1,0
2018-06-02,16.8,9.14,1,0
2018-06-03,18.4,13.46,1,0
2018-06-04,17.2,0.0,0,0
2018-06-05,15.3,0.0,0,0
2018-06-06,15.5,1.52,1,0
2018-06-07,18.2,1.52,1,0
2018-06-08,17.0,1.52,1,0
2018-06-09,16.5,4.06,1,0
2018-06-10,16.0,0.0,0,0
2018-06-11,16.9,0.0,1,0
2018-06-12,18.7,0.0,1,0
2018-06-13,19.4,0.0,0,0
2018-06-14,20.1,0.0,0,0
2018-06-15,22.6,0.0,0,0
2018-06-16,24.4,0.0,0,0
2018-06-17,24.4,0.0,0,0
2018-06-18,25.1,0.0,0,0
2018-06-19,25.1,0.0,0,0
2018-06-20,27.1,0.0,0,0
2018-06-21,27.2,0.0,0,0
2018-06-22,26.9,0.0,0,0
2018-06-23,28.5,0.0,0,0
2018-06-24,28.8,0.0,0,0
2018-06-25,29.6,0.0,0,0
2018-06-26,28.9,0.0,0,0
2018-06-27,27.6,0.0,0,0
2018-06-28,26.3,0.0,1,0
2018-06-29,24.7,1.02,1,0
2018-06-30,23.6,0.51,1,0
2018-07-01,23.9,2.03,1,0
2018-07-02,23.0,0.0,0,0
2018-07-03,24.2,0.0,0,0
2018-07-04,23.3,0.0,0,0
2018-07-05,23.3,0.0,0,0
2018-07-06,25.4,0.0,0,0
2018-07-07,27.1,0.0,0,0
2018-07-08,26.3,0.0,0,0
2018-07-09,28.2,0.0,0,0
2018-07-10,28.4,0.0,0,0
2018-07-11,27.4,0.0,0,0
2018-07-12,26.3,0.0,0,0
2018-07-13,27.8,0.0,0,0
2018-07-14,28.0,0.0,0,0
2018-07-15,24.2,0.0,0,0
2018-07-16,24.3,0.0,0,0
2018-07-17,26.7,0.0,0,0
2018-07-18,27.6,0.0,0,0
2018-07-19,26.2,0.0,0,0
2018-07-20,24.5,0.0,0,0
2018-07-21,23.9,0.0,0,0
2018-07-22,25.3,0.0,0,0
2018-07-23,27.8,0.0,0,0
2018-07-24,27.3,0.0,0,0
2018-07-25,27.1,0.0,0,0
2018-07-26,27.3,0.0,0,0
2018-07-27,27.4,0.0,0,0
2018-07-28,26.9,0.0,0,0
2018-07-29,26.8,0.0,0,0
2018-07-30,26.7,0.0,0,0
2018-07-31,27.6,0.0,0,0
2018-08-01,29.2,0.0,0,0
2018-08-02,31.3,0.0,0,0
2018-08-03,32.8,0.0,0,0
2018-08-04,31.2,0.0,0,0
2018-08-05,31.1,0.0,0,0
2018-08-06,30.7,0.0,0,0
2018-08-07,30.7,0.0,0,0
2018-08-08,27.7,0.0,0,0
2018-08-09,26.1,0.0,0,0
2018-08-10,25.1,0.0,1,0
2018-08-11,27.9,1.02,1,0
2018-08-12,28.8,0.0,0,0
2018-08-13,26.7,0.0,0,0
2018-08-14,26.7,0.0,0,0
2018-08-15,27.3,0.0,0,0
2018-08-16,27.1,0.0,0,0
2018-08-17,25.4,0.0,0,0
2018-08-18,24.1,0.0,0,0
2018-08-19,25.6,0.0,0,0
2018-08-20,26.6,0.0,0,0
2018-08-21,26.8,0.0,0,0
2018-08-22,26.4,0.0,0,0
2018-08-23,26.5,0.0,1,0
2018-08-24,26.3,0.0,0,0
2018-08-25,25.3,0.0,0,0
2018-08-26,24.9,0.0,0,0
2018-08-27,27.1,0.0,0,0
2018-08-28,28.0,0.0,0,0
2018-08-29,26.6,0.0,0,0
2018-08-30,26.6,0.0,0,0
2018-08-31,27.3,0.0,0,0
2018-09-01,27.6,0.0,0,0
2018-09-02,28.3,0.0,1,0
2018-09-03,27.0,1.02,1,0
2018-09-04,24.6,0.0,0,0
2018-09-05,23.8,0.0,0,0
2018-09-06,21.8,0.0,0,0
2018-09-07,22.2,0.0,1,0
2018-09-08,20.4,0.25,1,0
2018-09-09,22.0,1.02,1,0
2018-09-10,23.0,0.0,0,0
2018-09-11,22.5,0.0,0,0
2018-09-12,22.8,1.78,1,0
2018-09-13,24.7,0.0,0,0
2018-09-14,25.1,0.0,0,0
2018-09-15,24.4,0.0,0,0
2018-09-16,23.8,0.0,0,0
2018-09-17,22.3,0.0,0,0
2018-09-18,24.9,0.0,0,0
2018-09-19,23.7,0.0,0,0
2018-09-20,24.4,0.0,0,0
2018-09-21,25.1,0.0,0,0
2018-09-22,25.7,0.0,0,0
2018-09-23,25.7,0.0,0,0
2018-09-24,26.2,0.0,0,0
2018-09-25,23.9,0.0,0,0
2018-09-26,23.2,0.0,0,0
2018-09-27,21.8,0.0,0,0
2018-09-28,21.9,0.0,0,0
2018-09-29,21.6,0.0,0,0
2018-09-30,22.1,0.0,0,0
2018-10-01,19.8,0.0,0,0
2018-10-02,17.8,0.0,0,0
2018-10-03,19.4,0.0,0,0
2018-10-04,19.6,0.0,0,0
2018-10-05,19.4,0.0,0,0
2018-10-06,19.6,0.0,0,0
2018-10-07,15.5,0.0,0,0
2018-10-08,14.0,0.0,0,0
2018-10-09,13.6,0.0,1,0
2018-10-10,14.9,21.59,1,0
2018-10-11,17.3,1.27,1,0
2018-10-12,18.9,4.83,1,0
2018-10-13,19.1,0.0,0,0
2018-10-14,15.9,3.3,1,0
2018-10-15,12.1,0.25,1,0
2018-10-16,15.0,0.0,0,0
2018-10-17,15.8,0.0,0,0
2018-10-18,16.3,0.0,1,0
2018-10-19,15.2,10.41,1,0
2018-10-20,16.7,3.05,1,0
2018-10-21,17.0,7.62,1,0
2018-10-22,16.4,0.0,0,0
2018-10-23,15.6,0.0,0,0
2018-10-24,15.1,0.0,0,0
2018-10-25,14.9,0.0,0,0
2018-10-26,12.8,0.0,1,0
2018-10-27,10.4,1.52,1,0
2018-10-28,6.4,0.51,1,0
2018-10-29,7.5,0.0,0,0
2018-10-30,7.9,0.0,1,0
2018-10-31,9.2,18.29,1,0
2018-11-01,9.9,1.52,1,0
2018-11-02,13.2,0.0,0,0
2018-11-03,9.4,0.0,0,0
2018-11-04,8.4,0.0,0,0
2018-11-05,9.6,16.76,1,0
2018-11-06,9.4,4.32,1,0
2018-11-07,10.8,0.0,1,0
2018-11-08,9.1,2.79,1,0
2018-11-09,10.2,7.87,1,0
2018-11-10,12.3,0.0,1,0
2018-11-11,14.2,1.52,1,0
2018-11-12,12.1,0.0,1,0
2018-11-13,11.4,0.76,1,0
2018-11-14,11.6,0.0,1,0
2018-11-15,13.3,0.76,1,0
2018-11-16,13.3,1.78,1,0
2018-11-17,13.3,1.78,1,0
2018-11-18,13.3,1.78,1,0
2018-11-19,13.3,1.78,1,0
2018-11-20,13.3,1.78,1,0
2018-11-21,13.3,1.78,1,0
2018-11-22,13.3,1.78,1,0
2018-11-23,9.1,2.79,1,0
2018-11-24,4.7,0.25,1,0
2018-11-25,10.6,1.52,1,0
2018-11-26,9.8,7.87,1,0
2018-11-27,6.6,0.0,0,0
2018-11-28,4.9,0.0,0,0
2018-11-29,5.3,0.0,1,0
2018-11-30,7.6,3.56,1,0
2018-12-01,5.1,0.0,0,0
2018-12-02,5.6,0.0,0,0
2018-12-03,6.4,0.0,0,0
2018-12-04,7.9,0.0,0,0
2018-12-05,8.3,0.0,0,0
2018-12-06,8.2,0.0,0,0
2018-12-07,4.9,0.0,0,0
2018-12-08,6.7,0.0,0,0
2018-12-09,6.8,0.0,0,0
2018-12-10,5.8,0.0,0,0
2018-12-11,5.5,0.0,0,0
2018-12-12,4.2,0.0,0,0
2018-12-13,8.1,3.3,1,0
2018-12-14,4.8,4.83,1,0
2018-12-15,4.6,0.0,0,0
2018-12-16,9.5,0.0,1,0
2018-12-17,4.2,0.25,1,0
2018-12-18,3.3,0.0,1,0
2018-12-19,6.8,0.51,1,0
2018-12-20,7.4,0.0,0,0
2018-12-21,7.6,0.0,0,0
2018-12-22,7.5,0.0,0,0
2018-12-23,5.3,0.0,0,0
2018-12-24,5.3,0.25,1,0
2018-12-25,5.6,0.0,0,0
2018-12-26,5.1,0.0,0,0
2018-12-27,4.1,0.0,0,0
2018-12-28,4.9,0.0,0,0
2018-12-29,5.7,0.0,0,0
2018-12-30,5.9,0.0,0,0
2018-12-31,3.7,0.0,0,0
2019-01-01,3.3,0.0,0,0
2019-01-02,2.3,0.0,0,0
2019-01-03,3.4,0.0,0,0
2019-01-04,2.6,0.0,0,0
2019-01-05,1.9,0.0,0,0
2019-01-06,2.9,0.0,0,0
2019-01-07,3.9,0.0,0,0
2019-01-08,3.5,0.0,0,0
2019-01-09,5.0,0.0,0,0
2019-01-10,3.6,0.0,0,0
2019-01-11,1.6,0.0,0,0
2019-01-12,2.1,0.0,0,0
2019-01-13,1.7,0.0,0,0
2019-01-14,3.7,0.0,0,0
2019-01-15,4.4,0.0,0,0
2019-01-16,3.3,0.0,0,0
2019-01-17,3.7,0.0,0,0
2019-01-18,1.6,0.0,0,0
2019-01-19,0.5,0.0,1,0
2019-01-20,5.4,4.57,1,0
2019-01-21,5.5,0.0,0,0
2019-01-22,3.5,0.0,0,0
2019-01-23,10.8,0.0,0,0
2019-01-24,11.1,0.0,0,0
2019-01-25,10.9,0.0,0,0
2019-01-26,5.1,0.0,0,0
2019-01-27,5.2,0.0,0,0
2019-01-28,7.5,0.0,0,0
2019-01-29,7.3,0.0,1,0
2019-01-30,7.7,0.0,1,0
2019-01-31,10.9,6.1,1,0
2019-02-01,7.8,7.62,1,0
2019-02-02,5.1,0.51,1,0
2019-02-03,4.5,0.0,0,0
2019-02-04,2.8,0.0,0,0
2019-02-05,6.1,0.0,0,0
2019-02-06,6.9,0.0,0,0
2019-02-07,6.4,0.0,0,0
2019-02-08,6.6,0.0,0,0
2019-02-09,5.6,0.0,0,0
2019-02-10,7.9,0.0,0,0
2019-02-11,8.9,0.0,0,0
2019-02-12,6.4,0.0,0,0
2019-02-13,6.3,0.0,0,0
2019-02-14,5.8,0.0,0,0
2019-02-15,6.3,0.0,0,0
2019-02-16,8.2,0.0,0,0
2019-02-17,6.4,0.0,0,0
2019-02-18,6.4,0.0,0,0
2019-02-19,7.4,0.0,0,0
2019-02-20,7.2,0.0,0,0
2019-02-21,8.0,0.0,0,0
2019-02-22,8.1,0.0,0,0
2019-02-23,7.8,0.0,0,0
2019-02-24,9.9,0.0,0,0
2019-02-25,9.7,0.0,0,0
2019-02-26,10.3,0.0,0,0
2019-02-27,10.4,0.0,0,0
2019-02-28,9.9,0.0,0,0
2019-03-01,11.0,0.0,0,0
2019-03-02,12.0,0.0,0,0
2019-03-03,11.6,0.0,0,0
2019-03-04,12.6,0.0,0,0
2019-03-05,12.2,0.0,0,0
2019-03-06,11.2,0.0,1,0
2019-03-07,8.2,12.19,1,0
2019-03-08,10.1,0.0,1,0
2019-03-09,10.4,0.0,0,0
2019-03-10,12.6,0.0,0,0
2019-03-11,13.3,0.0,0,0
2019-03-12,12.4,0.0,0,0
2019-03-13,10.7,0.0,0,0
2019-03-14,9.3,0.0,0,0
2019-03-15,11.8,0.0,0,0
2019-03-16,14.4,0.0,0,0
2019-03-17,12.3,0.0,0,0
2019-03-18,9.8,0.0,0,0
2019-03-19,10.6,0.0,0,0
2019-03-20,8.9,0.0,0,0
2019-03-21,8.6,0.0,0,0
2019-03-22,10.4,0.0,0,0
2019-03-23,12.5,0.0,0,0
2019-03-24,13.9,0.0,0,0
2019-03-25,14.0,0.0,0,0
2019-03-26,13.3,0.0,0,0
2019-03-27,10.8,0.0,0,0
2019-03-28,10.9,0.0,0,0
2019-03-29,10.7,0.0,0,0
2019-03-30,11.2,0.0,0,0
2019-03-31,9.8,0.0,1,0
2019-04-01,12.1,0.51,1,0
2019-04-02,12.8,0.0,0,0
2019-04-03,11.2,0.0,0,0
2019-04-04,9.1,0.0,0,0
2019-04-05,7.0,0.76,1,1
2019-04-06,7.2,6.1,1,0
2019-04-07,8.7,1.02,1,0
2019-04-08,11.2,3.3,1,0
2019-04-09,9.7,0.51,1,0
2019-04-10,10.4,1.02,1,0
2019-04-11,10.1,0.0,0,0
2019-04-12,11.0,0.0,0,0
2019-04-13,13.2,0.0,0,0
2019-04-14,16.0,0.0,0,0
2019-04-15,16.9,0.0,0,0
2019-04-16,14.4,0.0,0,0
2019-04-17,16.7,0.0,1,0
2019-04-18,10.8,14.73,1,0
2019-04-19,9.8,14.22,1,0
2019-04-20,14.3,9.91,1,0
2019-04-21,11.1,0.0,0,0
2019-04-22,13.2,0.0,0,0
2019-04-23,11.3,0.0,1,0
2019-04-24,10.5,15.0,1,0
2019-04-25,10.9,28.45,1,0
2019-04-26,12.6,0.0,0,0
2019-04-27,13.4,0.0,0,0
2019-04-28,17.1,0.0,0,0
2019-04-29,18.4,0.0,0,0
2019-04-30,18.8,0.0,0,0
2019-05-01,18.2,0.0,0,0
2019-05-02,18.2,0.0,0,0
2019-05-03,15.2,0.0,0,0
2019-05-04,14.0,0.0,0,0
2019-05-05,14.8,0.0,0,0
2019-05-06,16.7,0.0,0,0
2019-05-07,17.9,0.0,0,0
2019-05-08,17.5,0.0,1,0
2019-05-09,17.4,0.0,0,0
2019-05-10,20.2,0.0,0,0
2019-05-11,19.2,0.0,0,0
2019-05-12,18.7,0.0,0,0
2019-05-13,20.9,0.0,0,0
2019-05-14,20.7,0.0,0,0
2019-05-15,22.2,0.0,0,0
2019-05-16,20.0,0.0,0,0
2019-05-17,20.0,0.0,0,0
2019-05-18,20.0,0.0,0,0
2019-05-19,19.0,0.0,0,0
2019-05-20,15.9,0.0,0,0
2019-05-21,18.9,0.0,0,0
2019-05-22,20.7,0.0,0,0
2019-05-23,22.0,0.0,0,0
2019-05-24,19.5,0.0,0,0
2019-05-25,17.9,0.0,0,0
2019-05-26,18.8,0.0,0,0
2019-05-27,21.0,0.0,0,0
2019-05-28,19.3,0.0,0,0
2019-05-29,18.5,0.0,0,0
2019-05-30,22.2,0.0,0,0
2019-05-31,24.0,0.0,0,0
2019-06-01,24.8,0.0,0,0
2019-06-02,26.2,0.0,0,0
2019-06-03,26.8,0.0,0,0
2019-06-04,23.8,0.0,0,0
2019-06-05,18.3,0.0,0,0
2019-06-06,18.1,0.0,1,0
2019-06-07,16.9,2.54,1,0
2019-06-08,20.2,0.0,0,0
2019-06-09,21.4,0.0,0,0
2019-06-10,20.2,0.0,0,0
2019-06-11,17.1,0.0,0,0
2019-06-12,16.9,0.0,0,0
2019-06-13,21.3,0.0,0,0
2019-06-14,20.5,0.0,0,0
2019-06-15,19.7,0.0,0,0
2019-06-16,21.5,0.0,0,0
2019-06-17,24.6,0.0,0,0
2019-06-18,25.7,0.0,0,0
2019-06-19,23.7,0.0,0,0
2019-06-20,23.2,0.0,0,0
2019-06-21,23.8,0.0,0,0
2019-06-22,24.8,0.0,0,0
2019-06-23,26.4,0.0,0,0
2019-06-24,26.8,0.0,0,0
2019-06-25,27.7,0.0,0,0
2019-06-26,29.6,0.0,0,0
2019-06-27,31.2,0.0,0,0
2019-06-28,32.4,0.0,0,0
2019-06-29,31.8,0.0,0,0
2019-06-30,32.1,0.0,0,0
2019-07-01,29.6,0.0,0,0
2019-07-02,27.6,0.0,1,0
2019-07-03,27.8,10.41,1,0
2019-07-04,28.8,0.0,0,0
2019-07-05,28.5,0.0,0,0
2019-07-06,27.2,0.0,0,0
2019-07-07,27.3,0.0,0,0
2019-07-08,25.3,0.0,1,0
2019-07-09,23.1,0.25,1,0
2019-07-10,25.3,0.0,0,0
2019-07-11,28.7,0.0,0,0
2019-07-12,30.7,0.0,0,0
2019-07-13,30.2,0.25,1,0
2019-07-14,27.7,0.0,0,0
2019-07-15,28.0,0.0,0,0
2019-07-16,29.5,0.0,0,0
2019-07-17,28.4,0.0,0,0
2019-07-18,29.1,0.0,0,0
2019-07-19,30.6,0.0,0,0
2019-07-20,31.4,0.0,0,0
2019-07-21,31.2,0.0,1,0
2019-07-22,30.9,1.27,1,0
2019-07-23,31.0,0.0,1,0
2019-07-24,30.8,4.83,1,0
2019-07-25,30.8,0.0,0,0
2019-07-26,28.4,0.0,0,0
2019-07-27,24.4,0.0,0,0
2019-07-28,23.3,0.0,0,0
2019-07-29,26.2,0.0,0,0
2019-07-30,24.5,0.0,0,0
2019-07-31,26.2,0.0,0,0
2019-08-01,28.2,0.0,0,0
2019-08-02,28.9,0.0,0,0
2019-08-03,28.9,0.0,0,0
2019-08-04,26.2,0.0,0,0
2019-08-05,28.7,0.0,0,0
2019-08-06,28.6,0.0,0,0
2019-08-07,27.0,0.0,0,0
2019-08-08,27.5,0.0,0,0
2019-08-09,27.8,0.0,0,0
2019-08-10,26.3,0.0,0,0
2019-08-11,24.8,0.0,0,0
2019-08-12,21.9,0.0,0,0
2019-08-13,22.8,0.0,0,0
2019-08-14,25.3,0.0,0,0
2019-08-15,27.7,0.0,0,0
2019-08-16,29.1,0.0,0,0
2019-08-17,29.8,0.0,0,0
2019-08-18,28.2,0.0,0,0
2019-08-19,27.6,0.0,0,0
2019-08-20,24.8,0.0,1,0
2019-08-21,23.9,0.0,1,0
2019-08-22,23.8,10.92,1,0
2019-08-23,24.9,0.0,0,0
2019-08-24,25.9,0.0,0,0
2019-08-25,27.1,0.0,0,0
2019-08-26,22.3,0.0,1,0
2019-08-27,21.4,33.27,1,0
2019-08-28,23.7,0.0,0,0
2019-08-29,25.7,0.0,0,0
2019-08-30,25.8,0.0,0,0
2019-08-31,25.0,0.0,0,0
2019-09-01,25.4,0.0,0,0
2019-09-02,24.8,0.0,0,0
2019-09-03,25.6,0.0,0,0
2019-09-04,25.7,0.0,0,0
2019-09-05,22.2,0.0,0,0
2019-09-06,19.3,0.0,0,0
2019-09-07,21.0,0.0,0,0
2019-09-08,22.9,0.0,0,0
2019-09-09,23.3,0.0,0,0
2019-09-10,17.7,0.0,0,0
2019-09-11,20.1,0.0,0,0
2019-09-12,22.1,0.0,0,0
2019-09-13,19.2,0.0,1,0
2019-09-14,17.7,3.81,1,0
2019-09-15,18.2,13.21,1,0
2019-09-16,20.4,8.38,1,0
2019-09-17,21.5,0.0,0,0
2019-09-18,21.5,0.0,0,0
2019-09-19,21.9,0.0,0,0
2019-09-20,20.8,0.0,1,0
2019-09-21,18.9,10.16,1,0
2019-09-22,19.4,2.54,1,0
2019-09-23,17.3,0.0,0,0
2019-09-24,19.8,0.0,0,0
2019-09-25,19.9,0.0,0,0
2019-09-26,20.0,0.0,0,0
2019-09-27,20.7,0.0,0,0
2019-09-28,19.6,0.0,0,0
2019-09-29,20.0,0.0,0,0
2019-09-30,20.5,0.0,0,0
2019-10-01,19.3,0.0,0,0
2019-10-02,18.5,0.0,0,0
2019-10-03,17.1,0.0,0,0
2019-10-04,18.9,0.0,0,0
2019-10-05,19.2,0.0,0,0
2019-10-06,19.4,0.0,0,0
2019-10-07,20.2,0.0,0,0
2019-10-08,20.6,0.0,0,0
2019-10-09,20.8,0.0,0,0
2019-10-10,19.4,0.0,0,0
2019-10-11,20.2,0.0,0,0
2019-10-12,21.5,0.0,1,0
2019-10-13,18.2,4.57,1,0
2019-10-14,15.8,0.0,1,0
2019-10-15,13.0,1.52,1,0
2019-10-16,12.9,0.0,0,0
2019-10-17,12.6,0.51,1,0
2019-10-18,17.3,1.78,1,0
2019-10-19,14.9,0.0,1,0
2019-10-20,11.6,12.19,1,0
2019-10-21,9.2,2.79,1,0
2019-10-22,9.1,0.0,1,0
2019-10-23,9.3,6.86,1,0
2019-10-24,11.8,2.29,1,0
2019-10-25,12.3,0.0,0,0
2019-10-26,13.2,0.0,0,0
2019-10-27,13.6,0.0,0,0
2019-10-28,15.9,0.0,0,0
2019-10-29,13.0,0.0,0,0
2019-10-30,14.5,0.0,1,0
2019-10-31,17.8,0.0,1,0
2019-11-01,17.9,0.25,1,0
2019-11-02,17.2,0.0,0,0
2019-11-03,15.2,0.0,0,0
2019-11-04,14.8,0.0,1,0
2019-11-05,11.4,2.29,1,0
2019-11-06,11.7,0.0,0,0
2019-11-07,10.6,0.0,1,0
2019-11-08,9.0,0.0,0,0
2019-11-09,8.8,0.0,1,0
2019-11-10,7.9,0.51,1,0
2019-11-11,7.6,0.0,0,0
2019-11-12,9.1,0.0,1,0
2019-11-13,13.0,2.03,1,0
2019-11-14,8.1,0.25,1,0
2019-11-15,6.8,3.3,1,0
2019-11-16,6.1,0.0,0,0
2019-11-17,5.6,0.0,1,0
2019-11-18,6.6,2.03,1,0
2019-11-19,3.9,0.0,0,0
2019-11-20,4.2,0.0,1,0
2019-11-21,7.7,3.81,1,0
2019-11-22,9.7,1.78,1,0
2019-11-23,9.7,4.83,1,0
2019-11-24,9.6,0.0,0,0
2019-11-25,12.3,0.25,1,0
2019-11-26,11.6,0.0,1,0
2019-11-27,12.1,1.52,1,0
2019-11-28,11.1,0.0,0,0
2019-11-29,13.6,0.0,1,0
2019-11-30,12.8,0.51,1,0
2019-12-01,7.7,7.37,1,0
2019-12-02,8.0,14.73,1,0
2019-12-03,6.1,0.0,1,0
2019-12-04,8.3,2.29,1,0
2019-12-05,9.8,1.27,1,0
2019-12-06,8.7,0.0,0,0
2019-12-07,6.4,0.0,0,0
2019-12-08,4.8,0.0,1,0
2019-12-09,6.8,2.29,1,0
2019-12-10,3.7,0.0,0,0
2019-12-11,5.3,0.0,1,0
2019-12-12,7.6,0.51,1,0
2019-12-13,13.5,0.0,0,0
2019-12-14,8.4,0.0,0,0
2019-12-15,8.3,0.25,1,0
2019-12-16,10.1,0.0,0,0
2019-12-17,9.6,0.0,1,0
2019-12-18,6.8,0.51,1,0
2019-12-19,10.8,0.76,1,0
2019-12-20,13.2,26.16,1,0
2019-12-21,14.3,8.89,1,0
2019-12-22,11.9,0.51,1,0
2019-12-23,8.9,0.0,0,0
2019-12-24,6.8,0.0,0,0
2019-12-25,7.7,0.0,0,0
2019-12-26,7.9,0.0,0,0
2019-12-27,5.2,0.0,0,0
2019-12-28,4.3,0.0,0,0
2019-12-29,3.7,0.0,0,0
2019-12-30,3.9,0.0,0,0
2019-12-31,3.8,0.0,0,0
2020-01-01,3.3,0.0,0,0
2020-01-02,3.3,0.0,0,0
2020-01-03,1.8,0.0,0,0
2020-01-04,4.1,0.0,0,0
2020-01-05,3.2,0.0,0,0
2020-01-06,3.6,0.0,0,0
2020-01-07,3.7,0.0,0,0
2020-01-08,4.8,0.0,0,0
2020-01-09,5.7,0.0,0,0
2020-01-10,5.7,0.0,0,0
2020-01-11,2.9,0.0,0,0
2020-01-12,1.2,0.0,0,0
2020-01-13,0.4,0.0,0,0
2020-01-14,1.3,0.0,0,0
2020-01-15,5.1,0.0,0,0
2020-01-16,8.1,0.0,0,0
2020-01-17,8.4,0.0,0,0
2020-01-18,6.2,0.76,1,0
2020-01-19,6.4,0.76,1,0
2020-01-20,4.3,0.0,0,0
2020-01-21,5.6,0.0,1,0
2020-01-22,6.9,1.52,1,0
2020-01-23,5.4,0.0,0,0
2020-01-24,7.2,0.0,1,0
2020-01-25,7.4,5.08,1,0
2020-01-26,6.8,3.81,1,0
2020-01-27,5.5,0.0,0,0
2020-01-28,11.3,0.0,1,0
2020-01-29,12.0,0.0,0,0
2020-01-30,10.6,0.0,1,0
2020-01-31,12.3,0.0,0,0
2020-02-01,13.8,0.25,1,0
2020-02-02,11.8,0.0,0,0
2020-02-03,11.3,0.0,0,0
2020-02-04,10.2,0.0,0,0
2020-02-05,7.7,0.0,0,0
2020-02-06,5.1,0.0,0,0
2020-02-07,6.8,0.0,0,0
2020-02-08,6.7,0.0,1,0
2020-02-09,8.3,0.0,0,0
2020-02-10,8.9,0.0,0,0
2020-02-11,8.1,0.0,0,0
2020-02-12,9.8,0.0,0,0
2020-02-13,11.1,0.0,0,0
2020-02-14,8.5,0.0,0,0
2020-02-15,7.7,0.0,0,0
2020-02-16,9.2,0.0,0,0
2020-02-17,8.7,0.0,0,0
2020-02-18,7.9,0.0,0,0
2020-02-19,7.6,0.0,0,0
2020-02-20,6.9,0.0,0,0
2020-02-21,8.9,0.0,0,0
2020-02-22,9.2,0.0,0,0
2020-02-23,10.3,0.0,0,0
2020-02-24,10.4,0.0,0,0
2020-02-25,9.4,0.0,0,0
2020-02-26,11.4,0.0,0,0
2020-02-27,11.6,0.0,0,0
2020-02-28,10.5,0.0,0,0
2020-02-29,10.6,0.0,0,0
2020-03-01,11.4,0.0,1,0
2020-03-02,10.8,3.3,1,0
2020-03-03,10.8,0.0,0,0
2020-03-04,14.7,0.0,0,0
2020-03-05,12.7,0.0,1,0
2020-03-06,9.4,0.51,1,0
2020-03-07,8.3,0.0,0,0
2020-03-08,8.6,0.0,0,0
2020-03-09,11.9,0.0,0,0
2020-03-10,12.7,0.0,0,0
2020-03-11,14.8,0.0,0,0
2020-03-12,15.8,0.0,0,0
2020-03-13,15.6,0.0,0,0
2020-03-14,15.2,0.0,0,0
2020-03-15,12.7,0.0,1,0
2020-03-16,6.7,10.41,1,0
2020-03-17,10.7,2.29,1,0
2020-03-18,12.3,0.51,1,0
2020-03-19,12.7,0.0,0,0
2020-03-20,11.4,0.0,0,0
2020-03-21,9.1,0.0,1,0
2020-03-22,9.1,2.03,1,0
2020-03-23,10.3,10.16,1,0
2020-03-24,11.9,2.54,1,0
2020-03-25,11.6,0.25,1,0
2020-03-26,8.9,0.0,0,0
2020-03-27,6.2,0.0,1,0
2020-03-28,8.1,1.27,1,0
2020-03-29,11.0,0.0,0,0
2020-03-30,5.7,0.0,1,1
2020-03-31,5.1,7.62,1,1
2020-04-01,9.4,25.15,1,0
2020-04-02,8.5,5.84,1,0
2020-04-03,9.9,0.0,0,0
2020-04-04,10.6,0.0,0,0
2020-04-05,14.4,0.0,0,0
2020-04-06,14.9,0.51,1,0
2020-04-07,14.1,5.08,1,0
2020-04-08,15.6,2.29,1,0
2020-04-09,13.3,0.0,1,0
2020-04-10,12.3,8.89,1,0
2020-04-11,14.7,2.54,1,0
2020-04-12,14.8,0.51,1,0
2020-04-13,12.9,2.29,1,0
2020-04-14,12.5,0.25,1,0
2020-04-15,12.6,9.4,1,0
2020-04-16,14.0,12.45,1,0
2020-04-17,14.9,6.1,1,0
2020-04-18,14.7,0.0,1,0
2020-04-19,13.8,15.49,1,0
2020-04-20,12.8,0.0,0,0
2020-04-21,12.0,0.0,1,0
2020-04-22,14.8,0.0,0,0
2020-04-23,15.3,0.0,0,0
2020-04-24,16.2,0.0,0,0
2020-04-25,15.8,0.0,1,0
2020-04-26,15.4,0.0,1,0
2020-04-27,13.8,0.0,1,0
2020-04-28,12.4,0.0,0,0
2020-04-29,13.9,0.0,0,0
2020-04-30,15.4,0.0,0,0
2020-05-01,16.6,0.0,0,0
2020-05-02,19.0,0.0,0,0
2020-05-03,19.9,0.0,0,0
2020-05-04,21.7,0.0,0,0
2020-05-05,19.4,0.0,0,0
2020-05-06,16.4,0.0,0,0
2020-05-07,19.6,0.0,0,0
2020-05-08,21.6,0.0,0,0
2020-05-09,19.4,0.0,0,0
2020-05-10,15.6,0.76,1,0
2020-05-11,15.9,0.51,1,0
2020-05-12,12.9,0.51,1,0
2020-05-13,14.6,15.49,1,0
2020-05-14,12.6,2.79,1,0
2020-05-15,13.1,3.05,1,0
2020-05-16,14.9,9.91,1,0
2020-05-17,16.4,0.51,1,0
2020-05-18,18.9,0.0,0,0
2020-05-19,20.4,0.0,0,0
2020-05-20,22.1,0.0,0,0
2020-05-21,22.8,0.0,0,0
2020-05-22,23.8,0.0,0,0
2020-05-23,24.9,0.0,0,0
2020-05-24,23.8,0.0,0,0
2020-05-25,21.7,0.0,1,1
2020-05-26,20.8,18.29,1,0
2020-05-27,22.8,0.0,0,0
2020-05-28,22.6,0.0,0,0
2020-05-29,22.8,0.0,0,0
2020-05-30,24.2,0.0,0,0
2020-05-31,21.7,0.0,1,0
2020-06-01,22.2,2.29,1,0
2020-06-02,23.8,0.0,0,0
2020-06-03,22.0,0.0,1,0
2020-06-04,18.7,4.57,1,0
2020-06-05,20.4,5.33,1,0
2020-06-06,22.1,0.0,0,0
2020-06-07,19.2,0.0,1,0
2020-06-08,16.8,0.76,1,0
2020-06-09,16.8,0.0,0,0
2020-06-10,19.3,0.0,0,0
2020-06-11,20.3,0.0,0,0
2020-06-12,16.2,0.0,1,0
2020-06-13,18.0,3.81,1,0
2020-06-14,19.6,0.0,0,0
2020-06-15,21.7,0.0,0,0
2020-06-16,21.3,0.0,0,0
2020-06-17,21.2,0.0,0,0
2020-06-18,22.3,0.0,0,0
2020-06-19,23.8,0.0,0,0
2020-06-20,25.2,0.0,0,0
2020-06-21,26.5,0.0,0,0
2020-06-22,27.6,0.0,0,0
2020-06-23,28.9,0.0,0,0
2020-06-24,27.7,0.0,1,0
2020-06-25,27.6,0.0,0,0
2020-06-26,26.2,0.0,0,0
2020-06-27,25.8,0.0,0,0
2020-06-28,27.9,0.0,0,0
2020-06-29,29.5,0.0,0,0
2020-06-30,30.7,0.0,0,0
2020-07-01,29.6,0.0,0,0
2020-07-02,27.2,0.0,0,0
2020-07-03,24.8,0.0,0,0
2020-07-04,26.8,0.0,0,0
2020-07-05,28.8,0.0,0,0
2020-07-06,29.9,0.0,0,0
2020-07-07,30.8,0.0,0,0
2020-07-08,29.8,0.0,1,0
2020-07-09,26.2,0.0,0,0
2020-07-10,26.3,0.0,0,0
2020-07-11,29.2,0.0,0,0
2020-07-12,26.9,0.0,0,0
2020-07-13,27.1,0.0,0,0
2020-07-14,26.4,0.0,0,0
2020-07-15,25.9,0.0,0,0
2020-07-16,27.6,0.0,0,0
2020-07-17,28.3,0.0,0,0
2020-07-18,27.4,0.0,0,0
2020-07-19,28.8,0.0,0,0
2020-07-20,28.9,0.0,0,0
2020-07-21,29.6,0.0,0,0
2020-07-22,27.4,3.05,1,0
2020-07-23,29.3,0.0,0,0
2020-07-24,30.5,0.0,0,0
2020-07-25,30.1,0.0,0,0
2020-07-26,30.9,0.0,0,0
2020-07-27,31.9,0.0,1,0
2020-07-28,31.7,0.0,0,0
2020-07-29,31.1,0.0,0,0
2020-07-30,32.1,0.0,0,0
2020-07-31,30.7,0.25,1,0
2020-08-01,30.2,0.0,0,0
2020-08-02,28.4,0.0,0,0
2020-08-03,26.3,0.0,0,0
2020-08-04,26.1,0.0,0,0
2020-08-05,28.2,0.0,0,0
2020-08-06,30.7,0.0,0,0
2020-08-07,31.9,0.0,0,0
2020-08-08,30.6,0.0,0,0
2020-08-09,30.8,0.0,0,0
2020-08-10,28.1,0.0,1,0
2020-08-11,20.6,0.76,1,0
2020-08-12,21.3,18.03,1,0
2020-08-13,23.7,0.0,0,0
2020-08-14,25.8,0.0,0,0
2020-08-15,24.8,0.0,0,0
2020-08-16,22.4,0.0,0,0
2020-08-17,23.2,0.0,0,0
2020-08-18,25.3,0.0,0,0
2020-08-19,26.2,0.0,0,0
2020-08-20,25.9,0.0,0,0
2020-08-21,27.0,0.0,0,0
2020-08-22,26.9,0.0,0,0
2020-08-23,26.9,0.0,0,0
2020-08-24,26.8,0.0,0,0
2020-08-25,27.4,0.0,0,0
2020-08-26,28.2,0.0,0,0
2020-08-27,29.1,0.0,0,0
2020-08-28,26.7,0.0,0,0
2020-08-29,19.2,0.0,0,0
2020-08-30,17.4,0.0,0,0
2020-08-31,18.4,0.0,0,0
2020-09-01,19.8,0.0,0,0
2020-09-02,22.7,0.0,0,0
2020-09-03,23.4,0.0,0,0
2020-09-04,24.4,0.0,0,0
2020-09-05,24.8,0.0,0,0
2020-09-06,25.9,0.0,0,0
2020-09-07,20.8,0.0,0,0
2020-09-08,20.0,0.0,0,0
2020-09-09,21.4,0.0,0,0
2020-09-10,24.1,0.0,0,0
2020-09-11,24.8,0.0,0,0
2020-09-12,24.9,0.0,0,0
2020-09-13,25.7,0.0,0,0
2020-09-14,25.0,0.0,0,0
2020-09-15,23.8,4.83,1,0
2020-09-16,23.5,0.0,1,0
2020-09-17,22.3,1.02,1,0
2020-09-18,17.9,19.05,1,0
2020-09-19,17.7,26.42,1,0
2020-09-20,18.7,1.02,1,0
2020-09-21,18.2,0.0,0,0
2020-09-22,18.8,0.0,0,0
2020-09-23,20.1,0.0,0,0
2020-09-24,19.7,2.03,1,0
2020-09-25,15.9,15.24,1,0
2020-09-26,15.4,0.0,0,0
2020-09-27,17.4,0.0,0,0
2020-09-28,14.5,0.0,0,0
2020-09-29,17.0,0.0,0,0
2020-09-30,17.8,0.0,0,0
2020-10-01,18.0,0.0,0,0
2020-10-02,14.2,0.0,1,0
2020-10-03,13.1,5.59,1,0
2020-10-04,13.9,0.0,0,0
2020-10-05,15.0,0.0,0,0
2020-10-06,16.5,0.0,0,0
2020-10-07,17.6,0.0,0,0
2020-10-08,17.4,0.0,0,0
2020-10-09,17.7,0.0,0,0
2020-10-10,17.0,0.0,0,0
2020-10-11,13.1,0.0,0,0
2020-10-12,13.1,0.0,0,0
2020-10-13,14.7,0.0,0,0
2020-10-14,13.9,0.0,0,0
2020-10-15,11.1,0.0,0,0
2020-10-16,9.1,0.0,0,0
2020-10-17,9.4,0.0,0,0
2020-10-18,11.7,0.0,0,0
2020-10-19,14.5,0.0,0,0
2020-10-20,16.0,2.03,1,0
2020-10-21,15.3,18.03,1,0
2020-10-22,14.4,1.52,1,0
2020-10-23,11.7,7.37,1,0
2020-10-24,10.1,0.76,1,0
2020-10-25,11.3,0.0,1,0
2020-10-26,10.3,4.57,1,0
2020-10-27,10.9,0.0,0,0
2020-10-28,10.3,0.0,0,0
2020-10-29,12.2,0.0,0,0
2020-10-30,10.6,0.0,0,0
2020-10-31,12.6,0.0,0,0
2020-11-01,13.1,0.0,0,0
2020-11-02,13.7,0.0,0,0
2020-11-03,12.7,0.0,1,0
2020-11-04,9.3,4.06,1,0
2020-11-05,10.8,4.83,1,0
2020-11-06,14.5,11.18,1,0
2020-11-07,12.6,17.53,1,0
2020-11-08,10.6,0.0,0,0
2020-11-09,11.0,6.6,1,0
2020-11-10,9.8,0.51,1,0
2020-11-11,8.9,0.0,0,0
2020-11-12,9.7,0.0,0,0
2020-11-13,10.6,0.0,0,0
2020-11-14,10.7,0.0,1,0
2020-11-15,13.9,1.52,1,0
2020-11-16,13.2,0.0,0,0
2020-11-17,10.1,0.0,0,0
2020-11-18,9.6,0.0,0,0
2020-11-19,12.1,0.0,0,0
2020-11-20,10.2,0.0,0,0
2020-11-21,6.9,0.0,0,0
2020-11-22,6.0,0.0,0,0
2020-11-23,6.6,0.0,0,0
2020-11-24,5.4,0.0,0,0
2020-11-25,7.1,0.0,1,0
2020-11-26,9.9,2.54,1,0
2020-11-27,8.7,2.54,1,0
2020-11-28,7.7,7.87,1,0
2020-11-29,7.2,0.0,0,0
2020-11-30,6.6,0.0,0,0
2020-12-01,7.4,0.0,0,0
2020-12-02,8.2,0.0,0,0
2020-12-03,3.4,0.0,0,0
2020-12-04,6.1,2.54,1,0
2020-12-05,4.6,0.0,0,0
2020-12-06,5.4,0.0,0,0
2020-12-07,9.1,0.0,1,0
2020-12-08,7.1,2.29,1,0
2020-12-09,5.0,0.0,0,0
2020-12-10,10.6,0.25,1,0
2020-12-11,14.3,1.78,1,0
2020-12-12,11.2,0.0,0,0
2020-12-13,6.6,0.0,0,0
2020-12-14,9.9,0.0,1,0
2020-12-15,8.8,1.52,1,0
2020-12-16,6.7,0.0,1,0
2020-12-17,9.2,0.25,1,0
2020-12-18,6.8,0.0,0,0
2020-12-19,7.9,0.0,1,0
2020-12-20,7.5,3.05,1,0
2020-12-21,7.4,0.51,1,0
2020-12-22,7.8,0.25,1,0
2020-12-23,7.3,0.0,0,0
2020-12-24,8.5,0.0,1,0
2020-12-25,4.4,0.0,0,0
2020-12-26,2.1,0.0,0,0
2020-12-27,1.4,0.0,0,0
2020-12-28,7.1,0.51,1,0
2020-12-29,4.3,0.0,0,0
2020-12-30,3.7,0.0,0,0
2020-12-31,1.9,0.0,1,0
2021-01-01,3.2,1.02,1,0
2021-01-02,0.8,0.25,1,0
2021-01-03,1.1,0.0,0,0
2021-01-04,2.4,0.0,0,0
2021-01-05,-0.8,0.0,0,0
2021-01-06,-0.9,0.0,0,0
2021-01-07,-0.4,0.0,0,1
2021-01-08,-1.6,3.81,1,1
2021-01-09,-0.6,21.08,1,1
2021-01-10,0.8,13.46,1,0
2021-01-11,-3.4,0.0,0,0
2021-01-12,-7.3,0.0,0,0
2021-01-13,-6.1,0.0,0,0
2021-01-14,-4.7,0.0,0,0
2021-01-15,-3.1,0.0,0,0
2021-01-16,-3.3,0.0,0,0
2021-01-17,-3.2,0.0,0,0
2021-01-18,-1.0,0.0,0,0
2021-01-19,-1.4,0.0,0,0
2021-01-20,1.2,0.0,1,0
2021-01-21,7.8,2.54,1,0
2021-01-22,8.7,4.06,1,0
2021-01-23,7.1,0.25,1,0
2021-01-24,10.6,1.02,1,0
2021-01-25,11.3,0.0,1,0
2021-01-26,10.4,0.0,0,0
2021-01-27,12.9,0.0,0,0
2021-01-28,10.7,0.0,0,0
2021-01-29,9.7,0.0,0,0
2021-01-30,11.0,3.81,1,0
2021-01-31,11.2,1.78,1,0
2021-02-01,12.5,0.0,0,0
2021-02-02,10.7,0.0,1,0
2021-02-03,9.9,0.0,1,0
2021-02-04,10.9,0.0,1,0
2021-02-05,10.9,0.0,1,0
2021-02-06,9.2,3.81,1,0
2021-02-07,7.7,2.54,1,0
2021-02-08,8.5,6.1,1,0
2021-02-09,8.0,3.3,1,0
2021-02-10,8.3,13.46,1,0
2021-02-11,8.3,5.0,1,0
2021-02-12,8.3,0.0,0,0
2021-02-13,11.1,0.0,0,0
2021-02-14,8.1,0.0,0,0
2021-02-15,8.2,0.0,0,0
2021-02-16,8.1,0.0,0,0
2021-02-17,9.2,0.0,0,0
2021-02-18,8.8,0.0,0,0
2021-02-19,4.9,0.0,0,0
2021-02-20,4.9,0.0,0,0
2021-02-21,8.8,6.0,1,0
2021-02-22,7.7,9.14,1,0
2021-02-23,6.6,0.0,0,0
2021-02-24,7.8,0.0,0,0
2021-02-25,8.4,0.0,0,0
2021-02-26,9.5,0.0,0,0
2021-02-27,10.1,0.0,0,0
2021-02-28,8.6,0.0,0,0
2021-03-01,8.0,0.0,1,0
2021-03-02,10.1,0.0,0,0
2021-03-03,10.0,0.0,0,0
2021-03-04,7.9,0.0,0,0
2021-03-05,9.2,0.0,0,0
2021-03-06,10.8,0.0,0,0
2021-03-07,9.7,0.0,0,0
2021-03-08,8.4,0.0,1,0
2021-03-09,8.6,3.3,1,0
2021-03-10,7.4,0.0,0,0
2021-03-11,10.8,0.0,0,0
2021-03-12,10.6,0.0,0,0
2021-03-13,7.8,0.0,0,0
2021-03-14,8.6,0.0,0,0
2021-03-15,10.3,0.0,0,0
2021-03-16,11.8,0.0,0,0
2021-03-17,12.4,0.0,0,0
2021-03-18,8.4,0.0,0,0
2021-03-19,6.8,0.0,0,0
2021-03-20,6.5,0.0,0,0
2021-03-21,6.9,0.0,0,0
2021-03-22,8.1,0.0,0,0
2021-03-23,9.3,0.0,0,0
2021-03-24,11.2,0.0,0,0
2021-03-25,12.1,0.0,0,0
2021-03-26,12.3,0.0,0,0
2021-03-27,12.1,0.0,0,0
2021-03-28,12.7,0.0,0,0
2021-03-29,14.2,0.0,0,0
2021-03-30,14.3,0.0,0,0
2021-03-31,14.7,0.0,0,0
2021-04-01,16.1,0.0,0,0
2021-04-02,13.2,10.92,1,0
2021-04-03,12.1,0.51,1,0
2021-04-04,12.4,0.0,0,0
2021-04-05,13.6,0.0,0,0
2021-04-06,14.3,0.0,0,0
2021-04-07,12.3,0.0,0,0
2021-04-08,12.8,0.0,0,0
2021-04-09,10.3,9.91,1,0
2021-04-10,12.4,0.0,1,0
2021-04-11,12.2,17.02,1,0
2021-04-12,9.9,0.25,1,0
2021-04-13,10.8,0.0,1,0
2021-04-14,14.4,0.0,1,0
2021-04-15,13.5,0.0,1,0
2021-04-16,12.1,0.0,0,0
2021-04-17,9.3,0.0,0,0
2021-04-18,10.6,0.0,0,0
2021-04-19,13.3,0.0,0,0
2021-04-20,13.2,0.0,1,0
2021-04-21,13.2,0.25,1,0
2021-04-22,12.9,4.83,1,0
2021-04-23,13.6,1.78,1,0
2021-04-24,12.8,0.0,1,0
2021-04-25,11.1,4.06,1,0
2021-04-26,13.7,10.92,1,0
2021-04-27,13.5,1.52,1,0
2021-04-28,13.4,6.86,1,0
2021-04-29,14.0,1.27,1,0
2021-04-30,11.4,1.52,1,0
2021-05-01,16.0,0.0,0,0
2021-05-02,18.0,0.0,0,0
2021-05-03,19.0,0.0,0,0
2021-05-04,23.0,0.0,0,0
2021-05-05,26.0,0.0,0,0
2021-05-06,27.0,0.0,0,0
2021-05-07,28.0,0.0,0,0
2021-05-08,29.0,0.0,0,0
2021-05-09,22.0,1.5,1,0
2021-05-10,18.0,0.0,0,0
2021-05-11,19.0,0.0,0,0
